transaction_key,client_key,article_key,date_key,montant_usd,note_avis,mode_paiement,date_achat
2049,4081,27,20221109,145.0,4.0,Credit Card,2022-11-09
2050,4081,31,20221202,20.0,4.1,Cash,2022-12-02
2051,4081,7,20230110,199.0,2.6,Cash,2023-01-10
2052,4081,9,20230116,93.0,2.5,Credit Card,2023-01-16
2053,4081,50,20230222,64.0,3.4,Credit Card,2023-02-22
2054,4081,5,20230315,198.0,1.6,Cash,2023-03-15
2055,4081,16,20230318,31.0,4.8,Credit Card,2023-03-18
2056,4081,42,20230325,2108.0,,Cash,2023-03-25
2057,4081,37,20230506,67.0,4.1,Credit Card,2023-05-06
2058,4081,20,20230603,44.0,2.2,Credit Card,2023-06-03
2059,4081,23,20230615,86.0,2.9,Credit Card,2023-06-15
2060,4081,28,20230621,141.0,1.7,Cash,2023-06-21
2061,4081,44,20230709,113.0,,Cash,2023-07-09
2062,4081,37,20230716,50.0,,Credit Card,2023-07-16
2063,4081,31,20230728,173.0,2.9,Cash,2023-07-28
2064,4081,1,20230810,150.0,2.9,Cash,2023-08-10
2065,4081,9,20230817,147.0,3.2,Credit Card,2023-08-17
2066,4081,41,20230829,123.0,3.6,Cash,2023-08-29
2067,4081,15,20230901,30.0,1.2,Credit Card,2023-09-01
2068,4081,15,20230905,134.0,1.0,Cash,2023-09-05
2069,4081,41,20230922,41.0,2.6,Credit Card,2023-09-22
2070,4082,23,20221018,98.0,1.9,Cash,2022-10-18
2071,4082,11,20221031,188.0,2.3,Cash,2022-10-31
2072,4082,19,20221109,172.0,4.3,Credit Card,2022-11-09
2073,4082,44,20221129,124.0,1.8,Cash,2022-11-29
2074,4082,5,20221222,189.0,2.4,Cash,2022-12-22
2075,4082,23,20221228,176.0,3.1,Credit Card,2022-12-28
2076,4082,15,20230130,10.0,4.5,Cash,2023-01-30
2077,4082,19,20230411,198.0,4.7,Credit Card,2023-04-11
2078,4082,21,20230423,192.0,,Cash,2023-04-23
2079,4082,25,20230510,107.0,3.1,Cash,2023-05-10
2080,4082,5,20230522,161.0,4.9,Credit Card,2023-05-22
2081,4082,33,20230605,70.0,2.3,Credit Card,2023-06-05
2082,4082,7,20230702,18.0,1.4,Cash,2023-07-02
2083,4082,33,20230707,147.0,1.9,Credit Card,2023-07-07
2084,4082,36,20230720,106.0,1.2,Credit Card,2023-07-20
2085,4082,29,20230721,183.0,4.7,Credit Card,2023-07-21
2086,4082,27,20230805,45.0,4.3,Cash,2023-08-05
2087,4082,15,20230821,51.0,3.4,Credit Card,2023-08-21
2088,4082,23,20230829,167.0,5.0,Cash,2023-08-29
2089,4082,47,20230907,121.0,2.3,Cash,2023-09-07
2090,4082,42,20230914,167.0,1.9,Cash,2023-09-14
2091,4083,25,20221004,97.0,2.2,Credit Card,2022-10-04
2092,4083,50,20221023,172.0,5.0,Credit Card,2022-10-23
2093,4083,36,20221127,115.0,3.9,Credit Card,2022-11-27
2094,4083,43,20221216,82.0,4.1,Cash,2022-12-16
2095,4083,37,20230204,121.0,3.4,Cash,2023-02-04
2096,4083,33,20230323,192.0,3.8,Cash,2023-03-23
2097,4083,8,20230409,2636.0,1.7,Cash,2023-04-09
2098,4083,27,20230415,28.0,,Credit Card,2023-04-15
2099,4083,23,20230517,165.0,,Cash,2023-05-17
2100,4083,48,20230602,18.0,4.8,Cash,2023-06-02
2101,4083,31,20230609,200.0,1.7,Credit Card,2023-06-09
2102,4083,16,20230622,116.0,3.4,Credit Card,2023-06-22
2103,4083,37,20230702,29.0,2.4,Credit Card,2023-07-02
2104,4083,37,20230716,19.0,2.3,Credit Card,2023-07-16
2105,4083,27,20230725,98.0,4.6,Credit Card,2023-07-25
2106,4083,16,20230809,29.0,2.4,Credit Card,2023-08-09
2107,4083,35,20230908,158.0,3.3,Credit Card,2023-09-08
2108,4084,4,20221012,128.0,1.2,Cash,2022-10-12
2109,4084,3,20221029,29.0,2.3,Credit Card,2022-10-29
2110,4084,22,20221117,95.0,2.3,Credit Card,2022-11-17
2111,4084,34,20221216,62.0,3.6,Cash,2022-12-16
2112,4084,24,20221222,115.0,2.8,Credit Card,2022-12-22
2113,4084,24,20230125,22.0,3.1,Credit Card,2023-01-25
2114,4084,22,20230203,163.0,3.5,Credit Card,2023-02-03
2115,4084,40,20230203,106.0,1.4,Credit Card,2023-02-03
2116,4084,11,20230216,183.0,2.4,Credit Card,2023-02-16
2117,4084,21,20230220,21.0,4.5,Cash,2023-02-20
2118,4084,30,20230304,190.0,,Cash,2023-03-04
2119,4084,12,20230423,121.0,4.0,Cash,2023-04-23
2120,4084,32,20230502,189.0,4.0,Cash,2023-05-02
2121,4084,11,20230514,94.0,1.2,Credit Card,2023-05-14
2122,4084,33,20230518,17.0,2.1,Cash,2023-05-18
2123,4084,30,20230615,100.0,1.3,Credit Card,2023-06-15
2124,4084,34,20230708,170.0,4.2,Cash,2023-07-08
2125,4084,15,20230807,102.0,4.9,Cash,2023-08-07
2126,4084,23,20230808,156.0,1.3,Credit Card,2023-08-08
2127,4084,29,20230827,123.0,1.7,Cash,2023-08-27
2128,4084,14,20230831,106.0,3.1,Cash,2023-08-31
2129,4085,36,20221027,16.0,2.8,Credit Card,2022-10-27
2130,4085,3,20221029,66.0,3.4,Cash,2022-10-29
2131,4085,38,20221111,111.0,1.6,Credit Card,2022-11-11
2132,4085,5,20221122,134.0,4.4,Credit Card,2022-11-22
2133,4085,36,20230317,20.0,3.0,Cash,2023-03-17
2134,4085,27,20230424,75.0,1.6,Credit Card,2023-04-24
2135,4085,43,20230425,190.0,2.4,Cash,2023-04-25
2136,4085,47,20230428,114.0,1.9,Credit Card,2023-04-28
2137,4085,1,20230513,125.0,2.0,Credit Card,2023-05-13
2138,4085,2,20230629,65.0,1.3,Credit Card,2023-06-29
2139,4085,5,20230731,187.0,,Cash,2023-07-31
2140,4085,34,20230824,58.0,4.8,Credit Card,2023-08-24
2141,4085,47,20230827,122.0,2.8,Cash,2023-08-27
2142,4085,28,20230829,140.0,1.5,Cash,2023-08-29
2143,4086,34,20221015,32.0,4.3,Cash,2022-10-15
2144,4086,15,20221016,55.0,3.5,Cash,2022-10-16
2145,4086,2,20221029,145.0,3.5,Cash,2022-10-29
2146,4086,41,20221207,164.0,1.6,Cash,2022-12-07
2147,4086,20,20221212,99.0,2.9,Cash,2022-12-12
2148,4086,18,20230118,137.0,3.2,Cash,2023-01-18
2149,4086,12,20230126,81.0,1.8,Cash,2023-01-26
2150,4086,10,20230209,41.0,3.3,Credit Card,2023-02-09
2151,4086,29,20230301,142.0,4.4,Credit Card,2023-03-01
2152,4086,39,20230401,187.0,2.5,Cash,2023-04-01
2153,4086,31,20230521,78.0,3.3,Credit Card,2023-05-21
2154,4086,47,20230529,14.0,4.7,Credit Card,2023-05-29
2155,4086,18,20230701,162.0,3.5,Cash,2023-07-01
2156,4086,34,20230718,153.0,4.8,Credit Card,2023-07-18
2157,4086,22,20230722,128.0,5.0,Credit Card,2023-07-22
2158,4086,13,20230807,29.0,1.3,Credit Card,2023-08-07
2159,4086,26,20230819,52.0,4.7,Cash,2023-08-19
2160,4086,7,20230907,152.0,1.7,Credit Card,2023-09-07
2161,4087,45,20221010,102.0,3.1,Cash,2022-10-10
2162,4087,31,20221025,181.0,1.8,Credit Card,2022-10-25
2163,4087,32,20221121,18.0,1.7,Credit Card,2022-11-21
2164,4087,16,20221220,119.0,1.6,Credit Card,2022-12-20
2165,4087,44,20230305,125.0,4.5,Cash,2023-03-05
2166,4087,49,20230602,125.0,2.6,Credit Card,2023-06-02
2167,4087,10,20230705,96.0,2.6,Credit Card,2023-07-05
2168,4087,41,20230820,154.0,4.2,Cash,2023-08-20
2169,4087,31,20230827,109.0,4.6,Credit Card,2023-08-27
2170,4088,43,20221007,127.0,2.8,Credit Card,2022-10-07
2171,4088,50,20221022,99.0,,Credit Card,2022-10-22
2172,4088,43,20221024,40.0,2.6,Credit Card,2022-10-24
2173,4088,16,20221108,157.0,2.8,Cash,2022-11-08
2174,4088,16,20221111,167.0,1.2,Credit Card,2022-11-11
2175,4088,44,20221117,14.0,4.8,Credit Card,2022-11-17
2176,4088,29,20230118,91.0,,Credit Card,2023-01-18
2177,4088,2,20230214,134.0,4.5,Cash,2023-02-14
2178,4088,35,20230316,156.0,,Cash,2023-03-16
2179,4088,39,20230405,180.0,3.8,Cash,2023-04-05
2180,4088,42,20230422,114.0,4.2,Credit Card,2023-04-22
2181,4088,33,20230514,131.0,1.8,Cash,2023-05-14
2182,4088,15,20230521,154.0,4.9,Cash,2023-05-21
2183,4088,29,20230708,118.0,2.7,Credit Card,2023-07-08
2184,4088,20,20230805,15.0,4.7,Credit Card,2023-08-05
2185,4088,26,20230830,27.0,4.0,Cash,2023-08-30
2186,4088,49,20230902,113.0,1.2,Credit Card,2023-09-02
2187,4088,18,20230925,133.0,4.8,Credit Card,2023-09-25
2188,4089,23,20221027,102.0,1.2,Credit Card,2022-10-27
2189,4089,1,20221112,128.0,3.4,Credit Card,2022-11-12
2190,4089,28,20221117,73.0,2.3,Credit Card,2022-11-17
2191,4089,40,20221219,179.0,2.7,Cash,2022-12-19
2192,4089,13,20221227,43.0,3.3,Cash,2022-12-27
2193,4089,23,20230405,189.0,,Credit Card,2023-04-05
2194,4089,5,20230418,90.0,2.1,Cash,2023-04-18
2195,4089,17,20230529,125.0,1.9,Cash,2023-05-29
2196,4089,24,20230713,66.0,4.6,Cash,2023-07-13
2197,4089,50,20230717,133.0,3.2,Credit Card,2023-07-17
2198,4089,43,20230718,200.0,2.7,Cash,2023-07-18
2199,4090,1,20221024,57.0,3.7,Credit Card,2022-10-24
2200,4090,16,20221208,88.0,2.0,Cash,2022-12-08
2201,4090,44,20230111,47.0,2.9,Cash,2023-01-11
2202,4090,44,20230116,152.0,1.5,Cash,2023-01-16
2203,4090,49,20230216,80.0,3.7,Cash,2023-02-16
2204,4090,18,20230218,54.0,3.1,Cash,2023-02-18
2205,4090,10,20230423,123.0,4.7,Cash,2023-04-23
2206,4090,18,20230503,195.0,1.6,Credit Card,2023-05-03
2207,4090,10,20230516,40.0,2.3,Credit Card,2023-05-16
2208,4090,21,20230604,183.0,1.3,Credit Card,2023-06-04
2209,4090,16,20230707,79.0,2.3,Cash,2023-07-07
2210,4090,15,20230725,187.0,4.9,Credit Card,2023-07-25
2211,4090,42,20230815,86.0,1.1,Cash,2023-08-15
2212,4090,17,20230904,68.0,,Credit Card,2023-09-04
2213,4090,27,20230904,31.0,1.5,Credit Card,2023-09-04
2214,4090,35,20230904,59.0,,Cash,2023-09-04
2215,4090,21,20230918,120.0,3.6,Credit Card,2023-09-18
2216,4090,23,20230918,25.0,2.1,Cash,2023-09-18
2217,4090,18,20230929,188.0,4.2,Cash,2023-09-29
2218,4091,49,20221015,154.0,4.0,Credit Card,2022-10-15
2219,4091,37,20221030,22.0,3.3,Cash,2022-10-30
2220,4091,6,20221127,40.0,4.1,Cash,2022-11-27
2221,4091,34,20221206,117.0,3.9,Cash,2022-12-06
2222,4091,24,20230130,148.0,2.7,Cash,2023-01-30
2223,4091,18,20230219,167.0,2.4,Cash,2023-02-19
2224,4091,4,20230305,139.0,,Credit Card,2023-03-05
2225,4091,40,20230324,196.0,3.1,Cash,2023-03-24
2226,4091,7,20230330,57.0,1.8,Cash,2023-03-30
2227,4091,18,20230528,46.0,2.3,Cash,2023-05-28
2228,4091,41,20230715,127.0,3.4,Credit Card,2023-07-15
2229,4091,23,20230722,156.0,4.0,Credit Card,2023-07-22
2230,4091,6,20230724,166.0,4.2,Credit Card,2023-07-24
2231,4091,9,20230819,137.0,1.7,Credit Card,2023-08-19
2232,4092,27,20221002,200.0,1.8,Credit Card,2022-10-02
2233,4092,14,20221028,182.0,1.6,Cash,2022-10-28
2234,4092,19,20221102,114.0,2.2,Credit Card,2022-11-02
2235,4092,45,20221103,13.0,3.4,Credit Card,2022-11-03
2236,4092,24,20221125,180.0,2.7,Cash,2022-11-25
2237,4092,31,20221206,148.0,1.6,Cash,2022-12-06
2238,4092,14,20230101,156.0,,Credit Card,2023-01-01
2239,4092,1,20230105,97.0,3.2,Credit Card,2023-01-05
2240,4092,44,20230215,199.0,4.6,Cash,2023-02-15
2241,4092,33,20230305,41.0,3.5,Credit Card,2023-03-05
2242,4092,30,20230324,110.0,2.2,Cash,2023-03-24
2243,4092,33,20230529,189.0,2.6,Credit Card,2023-05-29
2244,4092,15,20230729,192.0,1.5,Cash,2023-07-29
2245,4092,42,20230812,49.0,4.2,Credit Card,2023-08-12
2246,4092,42,20230906,70.0,4.0,Credit Card,2023-09-06
2247,4093,14,20221002,24.0,2.8,Credit Card,2022-10-02
2248,4093,45,20221017,90.0,1.5,Cash,2022-10-17
2249,4093,27,20221114,193.0,3.2,Credit Card,2022-11-14
2250,4093,34,20221202,57.0,4.7,Credit Card,2022-12-02
2251,4093,49,20221206,146.0,3.1,Cash,2022-12-06
2252,4093,6,20221209,87.0,,Cash,2022-12-09
2253,4093,6,20221221,124.0,2.0,Credit Card,2022-12-21
2254,4093,17,20221221,122.0,2.0,Cash,2022-12-21
2255,4093,7,20230215,51.0,1.5,Cash,2023-02-15
2256,4093,33,20230303,65.0,2.6,Cash,2023-03-03
2257,4093,3,20230323,134.0,4.0,Cash,2023-03-23
2258,4093,39,20230430,36.0,2.3,Cash,2023-04-30
2259,4093,13,20230504,156.0,1.4,Cash,2023-05-04
2260,4093,46,20230525,102.0,2.1,Cash,2023-05-25
2261,4093,43,20230601,68.0,4.2,Cash,2023-06-01
2262,4093,29,20230721,71.0,3.7,Cash,2023-07-21
2263,4093,33,20230817,157.0,1.0,Cash,2023-08-17
2264,4093,28,20230924,109.0,1.3,Credit Card,2023-09-24
2265,4094,2,20221011,30.0,4.5,Cash,2022-10-11
2266,4094,31,20221121,179.0,4.9,Cash,2022-11-21
2267,4094,33,20221224,142.0,3.5,Cash,2022-12-24
2268,4094,41,20230105,151.0,4.6,Cash,2023-01-05
2269,4094,30,20230131,43.0,1.9,Credit Card,2023-01-31
2270,4094,49,20230207,129.0,1.8,Credit Card,2023-02-07
2271,4094,45,20230213,17.0,2.5,Credit Card,2023-02-13
2272,4094,50,20230331,149.0,2.1,Credit Card,2023-03-31
2273,4094,10,20230427,25.0,4.7,Cash,2023-04-27
2274,4094,33,20230601,95.0,1.1,Credit Card,2023-06-01
2275,4094,5,20230605,127.0,2.9,Credit Card,2023-06-05
2276,4094,2,20230704,199.0,1.8,Credit Card,2023-07-04
2277,4094,19,20230719,103.0,5.0,Cash,2023-07-19
2278,4094,42,20230815,93.0,1.1,Cash,2023-08-15
2279,4094,34,20230819,185.0,2.0,Credit Card,2023-08-19
2280,4095,48,20221025,197.0,4.5,Credit Card,2022-10-25
2281,4095,26,20221109,190.0,5.0,Cash,2022-11-09
2282,4095,37,20221113,24.0,1.5,Cash,2022-11-13
2283,4095,8,20221230,116.0,4.0,Cash,2022-12-30
2284,4095,13,20230103,10.0,1.8,Cash,2023-01-03
2285,4095,38,20230103,74.0,4.7,Credit Card,2023-01-03
2286,4095,12,20230115,54.0,2.1,Credit Card,2023-01-15
2287,4095,15,20230308,168.0,1.4,Credit Card,2023-03-08
2288,4095,17,20230308,82.0,2.9,Credit Card,2023-03-08
2289,4095,30,20230320,77.0,1.5,Credit Card,2023-03-20
2290,4095,32,20230428,93.0,4.3,Cash,2023-04-28
2291,4095,27,20230510,118.0,1.2,Credit Card,2023-05-10
2292,4095,49,20230517,199.0,4.1,Cash,2023-05-17
2293,4095,39,20230702,13.0,3.9,Credit Card,2023-07-02
2294,4095,22,20230712,15.0,,Credit Card,2023-07-12
2295,4095,38,20230715,74.0,1.3,Credit Card,2023-07-15
2296,4095,6,20230914,16.0,1.1,Credit Card,2023-09-14
2297,4096,16,20221017,118.0,4.4,Cash,2022-10-17
2298,4096,38,20221104,56.0,4.9,Cash,2022-11-04
2299,4096,4,20221206,88.0,1.8,Credit Card,2022-12-06
2300,4096,32,20230211,147.0,4.1,Credit Card,2023-02-11
2301,4096,28,20230410,2383.0,,Credit Card,2023-04-10
2302,4096,36,20230419,156.0,4.4,Cash,2023-04-19
2303,4096,10,20230504,72.0,2.5,Cash,2023-05-04
2304,4096,37,20230616,17.0,2.4,Credit Card,2023-06-16
2305,4096,34,20230811,173.0,3.7,Cash,2023-08-11
2306,4096,36,20230930,83.0,,Cash,2023-09-30
2307,4097,43,20221010,174.0,3.4,Cash,2022-10-10
2308,4097,17,20221130,11.0,3.5,Cash,2022-11-30
2309,4097,27,20230207,187.0,1.6,Cash,2023-02-07
2310,4097,21,20230315,3126.0,3.2,Cash,2023-03-15
2311,4097,45,20230322,134.0,4.4,Credit Card,2023-03-22
2312,4097,2,20230524,171.0,4.1,Cash,2023-05-24
2313,4097,43,20230527,92.0,4.7,Cash,2023-05-27
2314,4097,7,20230607,31.0,4.0,Credit Card,2023-06-07
2315,4098,12,20221008,136.0,4.0,Cash,2022-10-08
2316,4098,12,20221022,134.0,1.0,Cash,2022-10-22
2317,4098,33,20221208,148.0,4.5,Credit Card,2022-12-08
2318,4098,38,20221210,142.0,1.8,Cash,2022-12-10
2319,4098,28,20221211,100.0,3.0,Cash,2022-12-11
2320,4098,14,20221229,116.0,3.6,Credit Card,2022-12-29
2321,4098,24,20221229,18.0,1.1,Credit Card,2022-12-29
2322,4098,29,20230204,79.0,5.0,Credit Card,2023-02-04
2323,4098,9,20230407,44.0,2.6,Credit Card,2023-04-07
2324,4098,8,20230418,48.0,2.7,Cash,2023-04-18
2325,4098,2,20230616,85.0,1.2,Credit Card,2023-06-16
2326,4098,47,20230714,114.0,,Cash,2023-07-14
2327,4098,23,20230719,99.0,1.7,Cash,2023-07-19
2328,4098,4,20230823,24.0,3.7,Credit Card,2023-08-23
2329,4098,32,20230829,37.0,4.2,Credit Card,2023-08-29
2330,4098,15,20230830,175.0,,Cash,2023-08-30
2331,4098,9,20230921,96.0,3.5,Credit Card,2023-09-21
2332,4099,3,20221025,4232.0,2.7,Credit Card,2022-10-25
2333,4099,33,20221208,198.0,3.5,Cash,2022-12-08
2334,4099,10,20230107,161.0,4.1,Cash,2023-01-07
2335,4099,20,20230108,106.0,4.5,Cash,2023-01-08
2336,4099,43,20230221,31.0,2.0,Credit Card,2023-02-21
2337,4099,33,20230308,127.0,2.2,Cash,2023-03-08
2338,4099,12,20230408,196.0,4.8,Credit Card,2023-04-08
2339,4099,41,20230421,98.0,2.9,Credit Card,2023-04-21
2340,4099,45,20230430,37.0,2.8,Cash,2023-04-30
2341,4099,32,20230520,138.0,2.9,Credit Card,2023-05-20
2342,4099,1,20230529,133.0,1.3,Cash,2023-05-29
2343,4099,14,20230806,88.0,4.9,Cash,2023-08-06
2344,4099,25,20230904,84.0,1.3,Cash,2023-09-04
2345,4099,33,20230906,88.0,4.8,Credit Card,2023-09-06
2346,4099,37,20230914,86.0,1.2,Credit Card,2023-09-14
2347,4099,33,20230916,199.0,1.9,Cash,2023-09-16
2348,4100,3,20221104,39.0,2.9,Credit Card,2022-11-04
2349,4100,27,20221216,166.0,2.0,Cash,2022-12-16
2350,4100,12,20221227,51.0,1.7,Credit Card,2022-12-27
2351,4100,9,20230206,102.0,3.8,Cash,2023-02-06
2352,4100,29,20230209,138.0,4.8,Credit Card,2023-02-09
2353,4100,22,20230302,147.0,3.9,Credit Card,2023-03-02
2354,4100,10,20230420,110.0,4.1,Cash,2023-04-20
2355,4100,17,20230524,13.0,3.7,Credit Card,2023-05-24
2356,4100,43,20230529,197.0,1.8,Cash,2023-05-29
2357,4100,44,20230529,97.0,1.4,Credit Card,2023-05-29
2358,4100,37,20230618,64.0,1.2,Credit Card,2023-06-18
2359,4100,14,20230815,199.0,3.2,Cash,2023-08-15
2360,4100,39,20230815,154.0,3.3,Credit Card,2023-08-15
2361,4100,6,20230910,88.0,,Credit Card,2023-09-10
2362,4100,22,20230923,183.0,4.1,Credit Card,2023-09-23
2363,4101,8,20221126,148.0,3.5,Credit Card,2022-11-26
2364,4101,15,20221206,93.0,3.6,Credit Card,2022-12-06
2365,4101,23,20221214,48.0,1.7,Cash,2022-12-14
2366,4101,29,20230131,188.0,4.3,Credit Card,2023-01-31
2367,4101,3,20230320,168.0,1.0,Credit Card,2023-03-20
2368,4101,29,20230703,142.0,4.0,Credit Card,2023-07-03
2369,4101,28,20230906,87.0,,Cash,2023-09-06
2370,4101,26,20230922,69.0,1.6,Credit Card,2023-09-22
2371,4102,26,20221031,105.0,3.1,Cash,2022-10-31
2372,4102,37,20221106,195.0,,Cash,2022-11-06
2373,4102,30,20221111,85.0,1.4,Credit Card,2022-11-11
2374,4102,26,20230104,52.0,1.7,Credit Card,2023-01-04
2375,4102,1,20230111,109.0,2.3,Cash,2023-01-11
2376,4102,45,20230129,2130.0,4.8,Cash,2023-01-29
2377,4102,45,20230130,86.0,3.1,Cash,2023-01-30
2378,4102,37,20230131,17.0,2.7,Cash,2023-01-31
2379,4102,33,20230301,120.0,3.1,Cash,2023-03-01
2380,4102,28,20230303,121.0,4.8,Credit Card,2023-03-03
2381,4102,30,20230314,78.0,4.3,Cash,2023-03-14
2382,4102,17,20230327,178.0,4.6,Credit Card,2023-03-27
2383,4102,41,20230406,197.0,3.6,Cash,2023-04-06
2384,4102,36,20230523,191.0,1.7,Cash,2023-05-23
2385,4102,8,20230605,175.0,3.6,Credit Card,2023-06-05
2386,4102,21,20230621,54.0,1.8,Credit Card,2023-06-21
2387,4102,23,20230703,77.0,3.8,Cash,2023-07-03
2388,4102,26,20230731,96.0,2.0,Credit Card,2023-07-31
2389,4102,50,20230907,19.0,3.4,Credit Card,2023-09-07
2390,4103,12,20221013,183.0,3.2,Cash,2022-10-13
2391,4103,19,20221016,149.0,5.0,Cash,2022-10-16
2392,4103,33,20221021,67.0,1.7,Credit Card,2022-10-21
2393,4103,30,20221121,4465.0,,Credit Card,2022-11-21
2394,4103,19,20221222,47.0,3.6,Credit Card,2022-12-22
2395,4103,46,20221227,31.0,4.4,Credit Card,2022-12-27
2396,4103,21,20230107,76.0,1.2,Cash,2023-01-07
2397,4103,22,20230210,147.0,2.3,Cash,2023-02-10
2398,4103,43,20230303,48.0,2.1,Cash,2023-03-03
2399,4103,29,20230331,182.0,3.0,Cash,2023-03-31
2400,4103,25,20230403,105.0,3.3,Credit Card,2023-04-03
2401,4103,31,20230419,105.0,4.8,Cash,2023-04-19
2402,4103,41,20230430,73.0,2.6,Cash,2023-04-30
2403,4103,10,20230505,44.0,1.6,Cash,2023-05-05
2404,4103,45,20230610,101.0,1.8,Cash,2023-06-10
2405,4103,19,20230627,173.0,1.4,Cash,2023-06-27
2406,4103,37,20230712,75.0,2.9,Credit Card,2023-07-12
2407,4103,18,20230720,131.0,3.1,Credit Card,2023-07-20
2408,4103,1,20230722,93.0,4.0,Credit Card,2023-07-22
2409,4103,33,20230920,80.0,4.1,Credit Card,2023-09-20
2410,4104,1,20221222,123.0,3.7,Credit Card,2022-12-22
2411,4104,30,20230109,194.0,2.0,Cash,2023-01-09
2412,4104,47,20230213,196.0,1.2,Cash,2023-02-13
2413,4104,39,20230320,172.0,1.5,Credit Card,2023-03-20
2414,4104,26,20230427,200.0,4.0,Credit Card,2023-04-27
2415,4104,1,20230527,69.0,2.1,Cash,2023-05-27
2416,4104,26,20230602,195.0,2.5,Cash,2023-06-02
2417,4104,28,20230606,28.0,3.0,Credit Card,2023-06-06
2418,4104,29,20230704,125.0,4.4,Credit Card,2023-07-04
2419,4104,29,20230707,89.0,3.9,Credit Card,2023-07-07
2420,4104,25,20230712,68.0,1.8,Cash,2023-07-12
2421,4104,45,20230803,19.0,1.3,Cash,2023-08-03
2422,4104,41,20230815,199.0,4.4,Cash,2023-08-15
2423,4104,20,20230825,87.0,1.9,Credit Card,2023-08-25
2424,4104,20,20230930,81.0,3.8,Cash,2023-09-30
2425,4105,10,20221020,164.0,3.2,Credit Card,2022-10-20
2426,4105,31,20221031,81.0,4.5,Credit Card,2022-10-31
2427,4105,21,20221109,23.0,3.7,Credit Card,2022-11-09
2428,4105,2,20221117,32.0,3.1,Credit Card,2022-11-17
2429,4105,15,20221122,37.0,1.7,Cash,2022-11-22
2430,4105,20,20221221,127.0,2.6,Credit Card,2022-12-21
2431,4105,23,20230117,169.0,1.5,Cash,2023-01-17
2432,4105,32,20230118,42.0,2.5,Credit Card,2023-01-18
2433,4105,36,20230131,132.0,3.3,Credit Card,2023-01-31
2434,4105,27,20230205,45.0,2.5,Cash,2023-02-05
2435,4105,7,20230315,189.0,1.5,Credit Card,2023-03-15
2436,4105,42,20230318,148.0,,Credit Card,2023-03-18
2437,4105,18,20230328,170.0,,Cash,2023-03-28
2438,4105,27,20230329,29.0,2.8,Cash,2023-03-29
2439,4105,35,20230409,90.0,,Cash,2023-04-09
2440,4105,33,20230415,23.0,2.0,Credit Card,2023-04-15
2441,4105,22,20230525,12.0,4.4,Credit Card,2023-05-25
2442,4105,13,20230606,126.0,3.5,Cash,2023-06-06
2443,4105,42,20230722,133.0,2.5,Credit Card,2023-07-22
2444,4105,43,20230728,62.0,4.4,Credit Card,2023-07-28
2445,4105,2,20230729,72.0,1.7,Credit Card,2023-07-29
2446,4105,16,20230908,52.0,,Credit Card,2023-09-08
2447,4106,42,20221019,175.0,,Credit Card,2022-10-19
2448,4106,17,20221109,141.0,3.2,Credit Card,2022-11-09
2449,4106,43,20221116,111.0,3.8,Cash,2022-11-16
2450,4106,2,20221201,87.0,4.7,Credit Card,2022-12-01
2451,4106,50,20221217,175.0,1.6,Credit Card,2022-12-17
2452,4106,43,20221230,162.0,2.6,Cash,2022-12-30
2453,4106,32,20230302,88.0,3.8,Cash,2023-03-02
2454,4106,47,20230326,65.0,1.0,Cash,2023-03-26
2455,4106,34,20230416,115.0,1.9,Credit Card,2023-04-16
2456,4106,28,20230418,33.0,2.9,Credit Card,2023-04-18
2457,4106,8,20230426,49.0,4.3,Cash,2023-04-26
2458,4106,33,20230517,173.0,1.1,Cash,2023-05-17
2459,4106,36,20230802,48.0,4.9,Cash,2023-08-02
2460,4106,16,20230806,108.0,1.3,Cash,2023-08-06
2461,4106,14,20230816,65.0,4.6,Cash,2023-08-16
2462,4106,36,20230820,184.0,5.0,Credit Card,2023-08-20
2463,4106,46,20230907,173.0,3.4,Credit Card,2023-09-07
2464,4107,8,20221028,19.0,2.8,Credit Card,2022-10-28
2465,4107,48,20221218,81.0,3.2,Credit Card,2022-12-18
2466,4107,43,20230126,178.0,3.2,Cash,2023-01-26
2467,4107,1,20230203,178.0,4.6,Cash,2023-02-03
2468,4107,44,20230228,70.0,,Cash,2023-02-28
2469,4107,25,20230409,150.0,1.1,Credit Card,2023-04-09
2470,4107,50,20230424,30.0,2.2,Cash,2023-04-24
2471,4107,2,20230506,62.0,1.4,Credit Card,2023-05-06
2472,4107,34,20230508,164.0,3.7,Cash,2023-05-08
2473,4107,18,20230520,80.0,4.2,Credit Card,2023-05-20
2474,4107,45,20230520,71.0,1.7,Cash,2023-05-20
2475,4107,21,20230618,164.0,2.0,Credit Card,2023-06-18
2476,4107,9,20230622,179.0,1.7,Credit Card,2023-06-22
2477,4107,33,20230628,60.0,4.6,Cash,2023-06-28
2478,4107,41,20230702,110.0,4.1,Cash,2023-07-02
2479,4107,41,20230702,112.0,1.4,Credit Card,2023-07-02
2480,4107,33,20230706,183.0,2.0,Credit Card,2023-07-06
2481,4107,24,20230727,192.0,2.2,Credit Card,2023-07-27
2482,4108,14,20221002,50.0,2.1,Credit Card,2022-10-02
2483,4108,15,20221025,54.0,2.6,Credit Card,2022-10-25
2484,4108,34,20221202,177.0,2.3,Cash,2022-12-02
2485,4108,50,20221227,63.0,2.0,Credit Card,2022-12-27
2486,4108,4,20230125,135.0,3.1,Cash,2023-01-25
2487,4108,18,20230211,2814.0,4.4,Credit Card,2023-02-11
2488,4108,33,20230216,36.0,,Cash,2023-02-16
2489,4108,35,20230319,2356.0,4.8,Credit Card,2023-03-19
2490,4108,13,20230406,135.0,4.8,Credit Card,2023-04-06
2491,4108,23,20230419,155.0,4.2,Credit Card,2023-04-19
2492,4108,50,20230501,139.0,3.1,Cash,2023-05-01
2493,4108,20,20230502,31.0,2.4,Cash,2023-05-02
2494,4108,36,20230525,125.0,2.9,Cash,2023-05-25
2495,4108,19,20230607,188.0,3.2,Credit Card,2023-06-07
2496,4108,43,20230613,22.0,1.6,Credit Card,2023-06-13
2497,4108,48,20230619,133.0,4.1,Credit Card,2023-06-19
2498,4108,49,20230904,104.0,2.8,Cash,2023-09-04
2499,4108,11,20230912,101.0,1.1,Cash,2023-09-12
2500,4108,7,20231001,46.0,1.8,Cash,2023-10-01
2501,4109,47,20221018,80.0,,Credit Card,2022-10-18
2502,4109,12,20221220,4932.0,4.0,Credit Card,2022-12-20
2503,4109,22,20221221,55.0,1.0,Credit Card,2022-12-21
2504,4109,15,20230112,180.0,2.6,Credit Card,2023-01-12
2505,4109,4,20230302,3731.0,,Credit Card,2023-03-02
2506,4109,5,20230319,34.0,1.0,Cash,2023-03-19
2507,4109,26,20230416,26.0,2.8,Credit Card,2023-04-16
2508,4109,44,20230520,45.0,3.2,Cash,2023-05-20
2509,4109,25,20230605,101.0,2.3,Credit Card,2023-06-05
2510,4109,20,20230721,188.0,,Credit Card,2023-07-21
2511,4109,9,20230812,17.0,,Cash,2023-08-12
2512,4109,46,20230916,169.0,4.6,Credit Card,2023-09-16
2513,4109,10,20230930,127.0,2.8,Cash,2023-09-30
2514,4110,35,20221004,167.0,4.6,Credit Card,2022-10-04
2515,4110,16,20221011,2653.0,4.2,Credit Card,2022-10-11
2516,4110,27,20221015,42.0,4.0,Cash,2022-10-15
2517,4110,40,20230109,86.0,,Cash,2023-01-09
2518,4110,7,20230120,164.0,2.7,Cash,2023-01-20
2519,4110,10,20230123,33.0,1.5,Credit Card,2023-01-23
2520,4110,48,20230126,102.0,1.4,Credit Card,2023-01-26
2521,4110,19,20230130,82.0,2.1,Credit Card,2023-01-30
2522,4110,23,20230210,186.0,4.1,Cash,2023-02-10
2523,4110,42,20230215,47.0,1.6,Cash,2023-02-15
2524,4110,34,20230307,125.0,3.3,Cash,2023-03-07
2525,4110,41,20230312,110.0,4.6,Credit Card,2023-03-12
2526,4110,31,20230317,71.0,3.2,Cash,2023-03-17
2527,4110,2,20230319,63.0,4.1,Credit Card,2023-03-19
2528,4110,13,20230401,112.0,4.7,Credit Card,2023-04-01
2529,4110,38,20230422,58.0,3.2,Cash,2023-04-22
2530,4110,40,20230627,144.0,3.6,Credit Card,2023-06-27
2531,4110,2,20230704,38.0,3.6,Credit Card,2023-07-04
2532,4110,34,20230707,40.0,3.5,Credit Card,2023-07-07
2533,4110,48,20230707,98.0,4.8,Cash,2023-07-07
2534,4110,20,20231001,46.0,4.6,Cash,2023-10-01
2535,4111,34,20221006,39.0,4.8,Cash,2022-10-06
2536,4111,44,20221017,36.0,3.9,Credit Card,2022-10-17
2537,4111,41,20221030,55.0,1.0,Cash,2022-10-30
2538,4111,41,20221123,190.0,4.4,Credit Card,2022-11-23
2539,4111,22,20221222,154.0,1.4,Credit Card,2022-12-22
2540,4111,43,20221223,109.0,3.4,Cash,2022-12-23
2541,4111,46,20230114,140.0,2.9,Credit Card,2023-01-14
2542,4111,37,20230115,64.0,2.3,Credit Card,2023-01-15
2543,4111,49,20230128,154.0,1.1,Credit Card,2023-01-28
2544,4111,10,20230209,110.0,3.0,Cash,2023-02-09
2545,4111,30,20230209,50.0,4.4,Credit Card,2023-02-09
2546,4111,42,20230306,85.0,3.4,Credit Card,2023-03-06
2547,4111,10,20230318,40.0,3.5,Cash,2023-03-18
2548,4111,45,20230321,182.0,2.8,Cash,2023-03-21
2549,4111,15,20230429,147.0,1.5,Credit Card,2023-04-29
2550,4111,2,20230510,81.0,1.9,Credit Card,2023-05-10
2551,4111,11,20230704,154.0,2.5,Credit Card,2023-07-04
2552,4111,29,20230731,57.0,3.6,Credit Card,2023-07-31
2553,4111,39,20230804,183.0,4.3,Cash,2023-08-04
2554,4111,24,20230806,31.0,4.9,Credit Card,2023-08-06
2555,4111,22,20230825,160.0,4.8,Cash,2023-08-25
2556,4111,26,20230915,120.0,1.2,Credit Card,2023-09-15
2557,4112,27,20221107,117.0,4.5,Cash,2022-11-07
2558,4112,15,20230302,46.0,3.0,Cash,2023-03-02
2559,4112,47,20230323,183.0,1.1,Cash,2023-03-23
2560,4112,37,20230430,139.0,,Credit Card,2023-04-30
2561,4112,23,20230506,91.0,2.6,Credit Card,2023-05-06
2562,4112,32,20230709,179.0,3.9,Cash,2023-07-09
2563,4112,25,20230901,130.0,,Credit Card,2023-09-01
2564,4113,49,20221011,10.0,,Credit Card,2022-10-11
2565,4113,8,20221015,149.0,1.4,Cash,2022-10-15
2566,4113,29,20221025,33.0,3.0,Cash,2022-10-25
2567,4113,40,20221217,154.0,4.6,Cash,2022-12-17
2568,4113,5,20230120,24.0,1.2,Credit Card,2023-01-20
2569,4113,8,20230314,132.0,,Credit Card,2023-03-14
2570,4113,35,20230404,180.0,4.5,Credit Card,2023-04-04
2571,4113,3,20230410,165.0,4.3,Cash,2023-04-10
2572,4113,47,20230507,136.0,3.6,Cash,2023-05-07
2573,4113,45,20230520,22.0,1.5,Cash,2023-05-20
2574,4113,11,20230521,30.0,3.1,Credit Card,2023-05-21
2575,4113,13,20230525,171.0,3.6,Cash,2023-05-25
2576,4113,35,20230603,200.0,2.9,Credit Card,2023-06-03
2577,4113,33,20230626,163.0,4.2,Cash,2023-06-26
2578,4113,12,20230703,133.0,4.9,Credit Card,2023-07-03
2579,4113,23,20230714,75.0,1.1,Credit Card,2023-07-14
2580,4113,16,20230805,155.0,1.1,Credit Card,2023-08-05
2581,4113,25,20230915,119.0,2.1,Credit Card,2023-09-15
2582,4114,17,20221010,35.0,4.4,Credit Card,2022-10-10
2583,4114,8,20221031,92.0,1.5,Cash,2022-10-31
2584,4114,28,20221210,131.0,3.7,Cash,2022-12-10
2585,4114,9,20230104,65.0,1.8,Cash,2023-01-04
2586,4114,41,20230402,154.0,2.3,Credit Card,2023-04-02
2587,4114,1,20230425,92.0,2.3,Credit Card,2023-04-25
2588,4114,9,20230511,153.0,4.7,Cash,2023-05-11
2589,4114,4,20230515,188.0,,Credit Card,2023-05-15
2590,4114,3,20230528,168.0,4.0,Cash,2023-05-28
2591,4114,29,20230604,63.0,1.8,Credit Card,2023-06-04
2592,4114,22,20230613,35.0,2.0,Credit Card,2023-06-13
2593,4114,21,20230615,84.0,3.8,Cash,2023-06-15
2594,4114,37,20230709,37.0,4.6,Credit Card,2023-07-09
2595,4114,9,20230824,33.0,2.8,Credit Card,2023-08-24
2596,4114,36,20230901,117.0,4.2,Cash,2023-09-01
2597,4115,1,20221008,150.0,3.3,Cash,2022-10-08
2598,4115,9,20221009,49.0,3.5,Credit Card,2022-10-09
2599,4115,28,20221019,28.0,3.0,Credit Card,2022-10-19
2600,4115,22,20221105,198.0,,Cash,2022-11-05
2601,4115,3,20221207,164.0,3.7,Credit Card,2022-12-07
2602,4115,48,20221229,17.0,4.1,Cash,2022-12-29
2603,4115,39,20230212,40.0,2.8,Cash,2023-02-12
2604,4115,31,20230217,190.0,2.8,Cash,2023-02-17
2605,4115,43,20230406,147.0,3.7,Cash,2023-04-06
2606,4115,24,20230411,172.0,3.2,Cash,2023-04-11
2607,4115,29,20230420,199.0,2.2,Credit Card,2023-04-20
2608,4115,17,20230509,178.0,,Credit Card,2023-05-09
2609,4115,47,20230603,157.0,3.8,Cash,2023-06-03
2610,4115,32,20230623,197.0,3.0,Credit Card,2023-06-23
2611,4115,28,20230626,84.0,1.0,Credit Card,2023-06-26
2612,4115,33,20230630,56.0,,Credit Card,2023-06-30
2613,4115,40,20230705,50.0,3.2,Cash,2023-07-05
2614,4115,47,20230711,2456.0,2.0,Credit Card,2023-07-11
2615,4115,38,20230723,165.0,4.1,Credit Card,2023-07-23
2616,4115,15,20230814,50.0,4.9,Cash,2023-08-14
2617,4115,43,20230815,11.0,,Credit Card,2023-08-15
2618,4115,33,20230920,49.0,2.8,Cash,2023-09-20
2619,4116,14,20221010,192.0,4.6,Cash,2022-10-10
2620,4116,39,20221020,34.0,2.7,Credit Card,2022-10-20
2621,4116,3,20221124,174.0,2.1,Credit Card,2022-11-24
2622,4116,30,20221216,86.0,4.1,Cash,2022-12-16
2623,4116,23,20230116,192.0,3.6,Credit Card,2023-01-16
2624,4116,35,20230116,124.0,3.7,Cash,2023-01-16
2625,4116,19,20230206,154.0,2.2,Cash,2023-02-06
2626,4116,29,20230211,180.0,,Cash,2023-02-11
2627,4116,29,20230322,126.0,1.7,Cash,2023-03-22
2628,4116,14,20230404,150.0,4.2,Cash,2023-04-04
2629,4116,7,20230412,25.0,3.6,Credit Card,2023-04-12
2630,4116,3,20230419,49.0,1.5,Credit Card,2023-04-19
2631,4116,21,20230505,68.0,1.7,Credit Card,2023-05-05
2632,4116,37,20230524,10.0,3.3,Credit Card,2023-05-24
2633,4116,6,20230726,107.0,3.7,Credit Card,2023-07-26
2634,4116,16,20230820,124.0,2.0,Credit Card,2023-08-20
2635,4116,34,20230918,173.0,4.7,Credit Card,2023-09-18
2636,4117,1,20221007,13.0,3.4,Cash,2022-10-07
2637,4117,43,20221022,49.0,2.8,Credit Card,2022-10-22
2638,4117,32,20221119,107.0,4.3,Credit Card,2022-11-19
2639,4117,25,20221211,156.0,2.5,Credit Card,2022-12-11
2640,4117,22,20221212,40.0,1.6,Cash,2022-12-12
2641,4117,29,20221216,99.0,3.8,Credit Card,2022-12-16
2642,4117,41,20221216,10.0,4.3,Credit Card,2022-12-16
2643,4117,25,20230207,140.0,4.0,Credit Card,2023-02-07
2644,4117,8,20230216,107.0,2.0,Credit Card,2023-02-16
2645,4117,6,20230306,153.0,1.7,Credit Card,2023-03-06
2646,4117,37,20230315,193.0,2.3,Credit Card,2023-03-15
2647,4117,39,20230321,70.0,1.2,Cash,2023-03-21
2648,4117,20,20230416,162.0,1.1,Cash,2023-04-16
2649,4117,30,20230421,126.0,2.4,Credit Card,2023-04-21
2650,4117,25,20230610,106.0,5.0,Credit Card,2023-06-10
2651,4117,20,20230621,112.0,1.7,Cash,2023-06-21
2652,4117,32,20230629,130.0,2.6,Cash,2023-06-29
2653,4117,29,20230829,30.0,,Credit Card,2023-08-29
2654,4117,42,20230903,129.0,1.6,Credit Card,2023-09-03
2655,4117,7,20230913,66.0,1.1,Credit Card,2023-09-13
2656,4118,3,20221014,47.0,3.8,Credit Card,2022-10-14
2657,4118,10,20221019,31.0,1.0,Credit Card,2022-10-19
2658,4118,43,20221204,67.0,3.1,Cash,2022-12-04
2659,4118,19,20221205,78.0,1.3,Credit Card,2022-12-05
2660,4118,23,20230112,152.0,1.1,Credit Card,2023-01-12
2661,4118,31,20230225,44.0,4.3,Credit Card,2023-02-25
2662,4118,25,20230320,133.0,4.5,Credit Card,2023-03-20
2663,4118,4,20230321,149.0,4.2,Cash,2023-03-21
2664,4118,31,20230324,155.0,,Cash,2023-03-24
2665,4118,1,20230325,111.0,4.1,Credit Card,2023-03-25
2666,4118,42,20230503,132.0,4.2,Credit Card,2023-05-03
2667,4118,37,20230513,139.0,4.4,Credit Card,2023-05-13
2668,4118,29,20230517,137.0,3.5,Credit Card,2023-05-17
2669,4118,42,20230605,17.0,4.7,Cash,2023-06-05
2670,4118,33,20230709,37.0,2.7,Cash,2023-07-09
2671,4118,25,20230804,170.0,2.5,Cash,2023-08-04
2672,4118,30,20230814,85.0,,Credit Card,2023-08-14
2673,4118,44,20230831,42.0,1.1,Cash,2023-08-31
2674,4118,36,20230914,173.0,2.0,Credit Card,2023-09-14
2675,4119,16,20221013,179.0,2.0,Credit Card,2022-10-13
2676,4119,3,20221220,103.0,1.7,Cash,2022-12-20
2677,4119,22,20221223,187.0,4.7,Credit Card,2022-12-23
2678,4119,8,20230112,138.0,3.1,Credit Card,2023-01-12
2679,4119,5,20230403,21.0,3.9,Cash,2023-04-03
2680,4119,31,20230403,195.0,4.0,Credit Card,2023-04-03
2681,4119,14,20230424,24.0,3.8,Cash,2023-04-24
2682,4119,48,20230519,64.0,4.1,Credit Card,2023-05-19
2683,4119,24,20230602,80.0,3.5,Cash,2023-06-02
2684,4119,48,20230618,90.0,3.3,Cash,2023-06-18
2685,4119,37,20230730,90.0,4.2,Cash,2023-07-30
2686,4119,5,20230731,60.0,1.1,Credit Card,2023-07-31
2687,4119,3,20230914,126.0,4.1,Cash,2023-09-14
2688,4120,15,20221017,31.0,4.8,Credit Card,2022-10-17
2689,4120,39,20221020,14.0,2.1,Cash,2022-10-20
2690,4120,13,20221022,153.0,4.0,Cash,2022-10-22
2691,4120,28,20221107,107.0,2.3,Cash,2022-11-07
2692,4120,37,20221225,152.0,,Credit Card,2022-12-25
2693,4120,15,20230116,155.0,,Cash,2023-01-16
2694,4120,43,20230129,85.0,2.5,Cash,2023-01-29
2695,4120,44,20230212,29.0,1.9,Credit Card,2023-02-12
2696,4120,35,20230303,112.0,1.3,Credit Card,2023-03-03
2697,4120,24,20230305,185.0,4.1,Credit Card,2023-03-05
2698,4120,47,20230427,169.0,1.2,Cash,2023-04-27
2699,4120,24,20230502,173.0,4.2,Credit Card,2023-05-02
2700,4120,29,20230531,192.0,3.9,Credit Card,2023-05-31
2701,4120,26,20230624,57.0,1.2,Credit Card,2023-06-24
2702,4120,16,20230711,107.0,4.0,Cash,2023-07-11
2703,4120,35,20230925,117.0,4.0,Credit Card,2023-09-25
2704,4120,34,20230926,139.0,2.7,Credit Card,2023-09-26
2705,4120,46,20230930,104.0,2.0,Credit Card,2023-09-30
2706,4121,39,20221008,11.0,1.4,Cash,2022-10-08
2707,4121,35,20221022,137.0,3.8,Cash,2022-10-22
2708,4121,26,20221214,85.0,3.4,Cash,2022-12-14
2709,4121,1,20221215,174.0,2.5,Credit Card,2022-12-15
2710,4121,4,20221224,176.0,4.6,Cash,2022-12-24
2711,4121,48,20230115,129.0,,Cash,2023-01-15
2712,4121,46,20230205,102.0,3.4,Credit Card,2023-02-05
2713,4121,24,20230224,132.0,2.1,Cash,2023-02-24
2714,4121,14,20230227,192.0,4.5,Cash,2023-02-27
2715,4121,2,20230321,44.0,2.5,Credit Card,2023-03-21
2716,4121,41,20230325,198.0,1.9,Credit Card,2023-03-25
2717,4121,35,20230411,27.0,3.6,Credit Card,2023-04-11
2718,4121,39,20230603,150.0,3.4,Credit Card,2023-06-03
2719,4121,23,20230604,115.0,,Cash,2023-06-04
2720,4121,26,20230607,154.0,,Credit Card,2023-06-07
2721,4121,26,20230708,20.0,,Credit Card,2023-07-08
2722,4121,41,20230730,189.0,2.6,Credit Card,2023-07-30
2723,4122,19,20221008,27.0,,Cash,2022-10-08
2724,4122,26,20221210,56.0,2.1,Cash,2022-12-10
2725,4122,43,20221227,37.0,2.8,Cash,2022-12-27
2726,4122,28,20221229,145.0,2.0,Cash,2022-12-29
2727,4122,40,20230101,69.0,3.7,Credit Card,2023-01-01
2728,4122,2,20230112,89.0,4.4,Credit Card,2023-01-12
2729,4122,31,20230124,177.0,1.6,Cash,2023-01-24
2730,4122,2,20230130,32.0,4.6,Cash,2023-01-30
2731,4122,16,20230130,77.0,4.9,Credit Card,2023-01-30
2732,4122,37,20230222,2881.0,,Credit Card,2023-02-22
2733,4122,17,20230226,139.0,2.0,Credit Card,2023-02-26
2734,4122,16,20230317,116.0,2.0,Cash,2023-03-17
2735,4122,20,20230320,67.0,4.4,Cash,2023-03-20
2736,4122,19,20230419,42.0,2.1,Cash,2023-04-19
2737,4122,20,20230427,58.0,4.7,Credit Card,2023-04-27
2738,4122,39,20230508,118.0,3.5,Cash,2023-05-08
2739,4122,28,20230516,85.0,3.9,Cash,2023-05-16
2740,4122,40,20230519,117.0,2.6,Credit Card,2023-05-19
2741,4122,3,20230606,170.0,4.6,Cash,2023-06-06
2742,4122,21,20230627,164.0,3.3,Cash,2023-06-27
2743,4122,28,20230728,114.0,3.1,Cash,2023-07-28
2744,4122,37,20230803,99.0,1.5,Cash,2023-08-03
2745,4122,7,20230806,120.0,4.2,Cash,2023-08-06
2746,4122,26,20230813,64.0,,Cash,2023-08-13
2747,4122,25,20230814,154.0,1.8,Credit Card,2023-08-14
2748,4122,13,20230829,150.0,,Credit Card,2023-08-29
2749,4122,30,20230902,109.0,5.0,Cash,2023-09-02
2750,4122,36,20230929,176.0,3.1,Credit Card,2023-09-29
1,3957,43,20221003,40.0,2.1,Cash,2022-10-03
2,3957,9,20221007,90.0,2.1,Credit Card,2022-10-07
3,3957,7,20221104,147.0,4.7,Cash,2022-11-04
4,3957,23,20230105,32.0,4.3,Cash,2023-01-05
5,3957,26,20230126,41.0,4.2,Credit Card,2023-01-26
6,3957,49,20230202,98.0,2.8,Cash,2023-02-02
7,3957,4,20230309,183.0,2.1,Credit Card,2023-03-09
8,3957,49,20230517,180.0,3.6,Cash,2023-05-17
9,3957,26,20230518,10.0,1.2,Credit Card,2023-05-18
10,3957,1,20230602,157.0,5.0,Cash,2023-06-02
11,3957,36,20230708,172.0,,Credit Card,2023-07-08
12,3958,43,20221102,42.0,3.1,Credit Card,2022-11-02
13,3958,26,20221118,119.0,1.9,Credit Card,2022-11-18
14,3958,38,20221119,105.0,4.6,Credit Card,2022-11-19
15,3958,37,20221128,123.0,1.6,Cash,2022-11-28
16,3958,29,20221217,140.0,2.0,Cash,2022-12-17
17,3958,24,20221229,162.0,1.1,Cash,2022-12-29
18,3958,45,20230112,101.0,3.3,Credit Card,2023-01-12
19,3958,19,20230120,124.0,,Cash,2023-01-20
20,3958,45,20230130,19.0,4.4,Cash,2023-01-30
21,3958,21,20230314,49.0,1.3,Cash,2023-03-14
22,3958,44,20230502,21.0,2.8,Credit Card,2023-05-02
23,3958,4,20230505,16.0,3.3,Cash,2023-05-05
24,3958,29,20230527,58.0,3.1,Credit Card,2023-05-27
25,3958,2,20230601,40.0,2.7,Cash,2023-06-01
26,3958,38,20230615,59.0,4.3,Credit Card,2023-06-15
27,3958,47,20230617,64.0,1.1,Cash,2023-06-17
28,3958,48,20230914,92.0,2.5,Credit Card,2023-09-14
29,3959,46,20221102,66.0,4.5,Cash,2022-11-02
30,3959,34,20221116,147.0,3.6,Cash,2022-11-16
31,3959,36,20221122,63.0,2.1,Cash,2022-11-22
32,3959,5,20221214,133.0,4.2,Credit Card,2022-12-14
33,3959,9,20230103,193.0,1.5,Credit Card,2023-01-03
34,3959,15,20230208,136.0,2.1,Credit Card,2023-02-08
35,3959,37,20230211,78.0,2.1,Cash,2023-02-11
36,3959,34,20230213,38.0,3.6,Credit Card,2023-02-13
37,3959,32,20230223,185.0,,Credit Card,2023-02-23
38,3959,20,20230311,30.0,1.5,Cash,2023-03-11
39,3959,9,20230509,163.0,3.5,Credit Card,2023-05-09
40,3959,48,20230527,18.0,3.9,Credit Card,2023-05-27
41,3959,34,20230607,135.0,3.3,Credit Card,2023-06-07
42,3959,19,20230621,147.0,3.3,Cash,2023-06-21
43,3959,15,20230626,96.0,3.9,Credit Card,2023-06-26
44,3959,3,20230630,153.0,1.8,Cash,2023-06-30
45,3959,14,20230630,119.0,4.6,Credit Card,2023-06-30
46,3959,34,20230711,38.0,,Credit Card,2023-07-11
47,3959,37,20230814,109.0,2.4,Cash,2023-08-14
48,3960,33,20221031,170.0,1.8,Cash,2022-10-31
49,3960,43,20221124,46.0,4.6,Cash,2022-11-24
50,3960,23,20221216,77.0,4.3,Cash,2022-12-16
51,3960,13,20230106,66.0,3.8,Cash,2023-01-06
52,3960,26,20230112,47.0,1.2,Cash,2023-01-12
53,3960,50,20230306,91.0,4.0,Credit Card,2023-03-06
54,3960,22,20230307,126.0,3.4,Credit Card,2023-03-07
55,3960,7,20230309,48.0,4.8,Credit Card,2023-03-09
56,3960,19,20230318,194.0,4.8,Cash,2023-03-18
57,3960,15,20230412,11.0,,Credit Card,2023-04-12
58,3960,40,20230414,161.0,,Credit Card,2023-04-14
59,3960,16,20230508,197.0,1.1,Cash,2023-05-08
60,3960,46,20230719,95.0,1.5,Cash,2023-07-19
61,3960,49,20230801,78.0,4.9,Cash,2023-08-01
62,3960,7,20230914,27.0,2.0,Credit Card,2023-09-14
63,3961,5,20221007,88.0,1.2,Cash,2022-10-07
64,3961,49,20221007,107.0,,Credit Card,2022-10-07
65,3961,33,20221028,40.0,1.9,Credit Card,2022-10-28
66,3961,15,20221107,19.0,2.2,Cash,2022-11-07
67,3961,39,20221117,56.0,2.7,Cash,2022-11-17
68,3961,13,20221205,162.0,3.0,Credit Card,2022-12-05
69,3961,27,20221206,151.0,4.1,Credit Card,2022-12-06
70,3961,41,20221230,172.0,2.3,Credit Card,2022-12-30
71,3961,33,20230123,26.0,1.3,Credit Card,2023-01-23
72,3961,49,20230209,167.0,1.9,Credit Card,2023-02-09
73,3961,29,20230224,60.0,1.6,Credit Card,2023-02-24
74,3961,11,20230302,120.0,1.7,Cash,2023-03-02
75,3961,19,20230619,191.0,3.7,Cash,2023-06-19
76,3961,4,20230705,112.0,,Cash,2023-07-05
77,3961,14,20230720,52.0,4.4,Credit Card,2023-07-20
78,3961,21,20230805,175.0,3.5,Cash,2023-08-05
79,3961,37,20230829,113.0,3.2,Cash,2023-08-29
80,3962,36,20221008,76.0,,Credit Card,2022-10-08
81,3962,23,20221115,176.0,3.1,Cash,2022-11-15
82,3962,36,20221208,168.0,3.5,Cash,2022-12-08
83,3962,48,20221209,35.0,2.1,Credit Card,2022-12-09
84,3962,1,20230113,190.0,1.5,Credit Card,2023-01-13
85,3962,36,20230124,175.0,2.9,Cash,2023-01-24
86,3962,46,20230202,50.0,2.8,Credit Card,2023-02-02
87,3962,1,20230211,169.0,,Credit Card,2023-02-11
88,3962,5,20230412,11.0,1.1,Credit Card,2023-04-12
89,3962,16,20230512,87.0,,Cash,2023-05-12
90,3962,13,20230521,148.0,2.1,Cash,2023-05-21
91,3962,23,20230621,148.0,1.8,Credit Card,2023-06-21
92,3962,28,20230925,184.0,2.6,Cash,2023-09-25
93,3963,37,20221004,150.0,,Credit Card,2022-10-04
94,3963,10,20221019,42.0,3.3,Cash,2022-10-19
95,3963,6,20221127,145.0,,Cash,2022-11-27
96,3963,23,20221205,165.0,3.9,Credit Card,2022-12-05
97,3963,45,20221216,86.0,1.5,Cash,2022-12-16
98,3963,20,20221227,52.0,2.3,Cash,2022-12-27
99,3963,28,20230302,184.0,1.6,Credit Card,2023-03-02
100,3963,49,20230709,110.0,4.8,Cash,2023-07-09
101,3963,2,20230802,126.0,1.7,Credit Card,2023-08-02
102,3963,39,20230824,94.0,1.4,Cash,2023-08-24
103,3963,9,20230826,143.0,4.5,Cash,2023-08-26
104,3963,15,20230905,141.0,4.9,Credit Card,2023-09-05
105,3963,31,20230919,70.0,3.5,Cash,2023-09-19
106,3963,18,20230920,84.0,2.1,Credit Card,2023-09-20
107,3964,3,20221109,110.0,2.9,Cash,2022-11-09
108,3964,48,20221118,98.0,4.2,Cash,2022-11-18
109,3964,7,20221217,39.0,2.4,Credit Card,2022-12-17
110,3964,23,20230115,103.0,1.5,Cash,2023-01-15
111,3964,13,20230204,101.0,2.3,Cash,2023-02-04
112,3964,2,20230207,166.0,3.1,Credit Card,2023-02-07
113,3964,20,20230209,58.0,,Credit Card,2023-02-09
114,3964,44,20230311,49.0,3.1,Credit Card,2023-03-11
115,3964,15,20230317,45.0,4.8,Cash,2023-03-17
116,3964,25,20230430,191.0,2.5,Credit Card,2023-04-30
117,3964,21,20230510,141.0,1.3,Cash,2023-05-10
118,3964,33,20230512,172.0,4.3,Credit Card,2023-05-12
119,3964,48,20230518,159.0,1.7,Credit Card,2023-05-18
120,3964,18,20230527,110.0,2.3,Cash,2023-05-27
121,3964,18,20230803,123.0,3.2,Credit Card,2023-08-03
122,3964,25,20230805,44.0,,Cash,2023-08-05
123,3964,38,20230915,132.0,2.2,Credit Card,2023-09-15
124,3965,37,20221003,148.0,1.6,Cash,2022-10-03
125,3965,2,20221007,117.0,1.8,Credit Card,2022-10-07
126,3965,34,20221023,49.0,2.8,Cash,2022-10-23
127,3965,4,20221222,171.0,1.9,Cash,2022-12-22
128,3965,6,20230103,43.0,1.5,Credit Card,2023-01-03
129,3965,36,20230107,44.0,,Credit Card,2023-01-07
130,3965,11,20230213,43.0,2.6,Cash,2023-02-13
131,3965,45,20230213,158.0,2.8,Cash,2023-02-13
132,3965,48,20230219,107.0,4.0,Credit Card,2023-02-19
133,3965,45,20230328,200.0,,Cash,2023-03-28
134,3965,14,20230427,86.0,1.8,Cash,2023-04-27
135,3965,22,20230626,175.0,2.1,Cash,2023-06-26
136,3965,15,20230713,119.0,2.2,Cash,2023-07-13
137,3965,29,20230812,23.0,1.3,Credit Card,2023-08-12
138,3965,50,20230818,89.0,4.5,Cash,2023-08-18
139,3965,26,20230830,118.0,,Credit Card,2023-08-30
140,3965,37,20230915,52.0,3.8,Cash,2023-09-15
141,3965,28,20230928,176.0,3.6,Cash,2023-09-28
142,3966,13,20221004,92.0,4.2,Credit Card,2022-10-04
143,3966,5,20221101,181.0,,Credit Card,2022-11-01
144,3966,18,20230107,126.0,,Credit Card,2023-01-07
145,3966,27,20230108,87.0,3.3,Cash,2023-01-08
146,3966,16,20230305,114.0,3.4,Credit Card,2023-03-05
147,3966,49,20230403,162.0,2.2,Cash,2023-04-03
148,3966,49,20230504,154.0,4.5,Cash,2023-05-04
149,3966,6,20230531,143.0,1.8,Cash,2023-05-31
150,3966,34,20230601,196.0,3.7,Cash,2023-06-01
151,3966,44,20230614,181.0,3.6,Credit Card,2023-06-14
152,3966,9,20230820,24.0,3.8,Cash,2023-08-20
153,3966,25,20230828,151.0,1.8,Credit Card,2023-08-28
154,3966,34,20230917,33.0,1.4,Credit Card,2023-09-17
155,3967,36,20221006,148.0,4.1,Credit Card,2022-10-06
156,3967,44,20221015,56.0,4.0,Credit Card,2022-10-15
157,3967,5,20221019,18.0,4.8,Cash,2022-10-19
158,3967,14,20221115,94.0,1.8,Cash,2022-11-15
159,3967,30,20221119,147.0,4.3,Credit Card,2022-11-19
160,3967,29,20230110,187.0,1.1,Credit Card,2023-01-10
161,3967,6,20230122,187.0,3.5,Credit Card,2023-01-22
162,3967,11,20230203,99.0,4.0,Cash,2023-02-03
163,3967,44,20230204,12.0,,Credit Card,2023-02-04
164,3967,1,20230224,124.0,4.8,Cash,2023-02-24
165,3967,2,20230403,69.0,3.0,Cash,2023-04-03
166,3967,9,20230421,168.0,4.9,Credit Card,2023-04-21
167,3967,29,20230506,188.0,3.3,Cash,2023-05-06
168,3967,22,20230601,140.0,3.4,Credit Card,2023-06-01
169,3967,38,20230705,25.0,4.3,Cash,2023-07-05
170,3967,40,20230706,100.0,1.1,Cash,2023-07-06
171,3967,48,20230727,13.0,3.9,Credit Card,2023-07-27
172,3967,7,20230911,38.0,3.9,Credit Card,2023-09-11
173,3967,25,20230926,150.0,2.5,Credit Card,2023-09-26
174,3968,7,20221005,51.0,1.8,Credit Card,2022-10-05
175,3968,25,20221005,62.0,1.6,Cash,2022-10-05
176,3968,13,20221027,17.0,3.8,Credit Card,2022-10-27
177,3968,24,20221111,194.0,2.6,Credit Card,2022-11-11
178,3968,50,20221117,126.0,4.3,Credit Card,2022-11-17
179,3968,24,20221201,23.0,1.9,Cash,2022-12-01
180,3968,9,20221205,46.0,2.0,Credit Card,2022-12-05
181,3968,20,20221206,186.0,4.5,Credit Card,2022-12-06
182,3968,30,20230204,49.0,,Cash,2023-02-04
183,3968,42,20230228,188.0,3.4,Cash,2023-02-28
184,3968,45,20230316,168.0,3.8,Cash,2023-03-16
185,3968,46,20230318,114.0,1.4,Cash,2023-03-18
186,3968,25,20230330,47.0,2.6,Credit Card,2023-03-30
187,3968,41,20230416,35.0,1.1,Cash,2023-04-16
188,3968,50,20230419,73.0,2.2,Cash,2023-04-19
189,3968,9,20230422,151.0,4.2,Credit Card,2023-04-22
190,3968,2,20230607,105.0,1.0,Credit Card,2023-06-07
191,3968,30,20230718,164.0,,Cash,2023-07-18
192,3968,9,20230727,129.0,4.7,Credit Card,2023-07-27
193,3968,31,20230802,95.0,2.6,Credit Card,2023-08-02
194,3968,45,20230813,92.0,1.7,Credit Card,2023-08-13
195,3968,26,20230831,149.0,,Credit Card,2023-08-31
196,3968,24,20230921,57.0,1.9,Credit Card,2023-09-21
197,3969,15,20221201,20.0,,Cash,2022-12-01
198,3969,45,20230128,52.0,4.5,Credit Card,2023-01-28
199,3969,6,20230217,97.0,2.7,Credit Card,2023-02-17
200,3969,13,20230509,59.0,3.2,Credit Card,2023-05-09
201,3969,42,20230608,138.0,2.2,Credit Card,2023-06-08
202,3969,44,20230731,132.0,1.8,Credit Card,2023-07-31
203,3969,27,20230804,48.0,3.8,Cash,2023-08-04
204,3969,21,20230807,96.0,2.8,Cash,2023-08-07
205,3969,11,20230812,88.0,3.2,Cash,2023-08-12
206,3969,48,20230823,178.0,2.8,Credit Card,2023-08-23
207,3969,3,20230826,146.0,,Cash,2023-08-26
208,3969,4,20230904,36.0,1.4,Credit Card,2023-09-04
209,3969,48,20230915,45.0,2.5,Cash,2023-09-15
210,3970,30,20221212,19.0,3.5,Cash,2022-12-12
211,3970,20,20221213,134.0,4.0,Credit Card,2022-12-13
212,3970,48,20221216,78.0,,Cash,2022-12-16
213,3970,40,20230103,191.0,4.0,Cash,2023-01-03
214,3970,7,20230105,77.0,2.4,Cash,2023-01-05
215,3970,39,20230130,54.0,2.3,Credit Card,2023-01-30
216,3970,47,20230202,166.0,3.1,Credit Card,2023-02-02
217,3970,11,20230319,157.0,2.3,Credit Card,2023-03-19
218,3970,31,20230415,185.0,4.4,Credit Card,2023-04-15
219,3970,37,20230507,147.0,2.2,Credit Card,2023-05-07
220,3970,7,20230509,138.0,4.7,Cash,2023-05-09
221,3970,5,20230607,183.0,3.2,Credit Card,2023-06-07
222,3970,8,20230707,70.0,3.8,Credit Card,2023-07-07
223,3970,34,20230710,117.0,2.8,Credit Card,2023-07-10
224,3970,32,20230712,19.0,3.6,Cash,2023-07-12
225,3970,15,20230714,24.0,,Cash,2023-07-14
226,3970,44,20230714,87.0,,Cash,2023-07-14
227,3970,20,20230721,183.0,1.9,Cash,2023-07-21
228,3970,24,20230723,72.0,2.5,Credit Card,2023-07-23
229,3970,32,20230810,165.0,1.8,Credit Card,2023-08-10
230,3970,38,20230921,75.0,2.7,Cash,2023-09-21
231,3971,45,20221011,116.0,4.5,Credit Card,2022-10-11
232,3971,3,20221013,151.0,4.7,Credit Card,2022-10-13
233,3971,49,20221021,107.0,,Cash,2022-10-21
234,3971,26,20221103,45.0,1.6,Cash,2022-11-03
235,3971,30,20221122,107.0,3.1,Credit Card,2022-11-22
236,3971,1,20221223,88.0,,Credit Card,2022-12-23
237,3971,49,20230121,58.0,3.9,Cash,2023-01-21
238,3971,5,20230301,152.0,,Credit Card,2023-03-01
239,3971,32,20230525,115.0,1.7,Credit Card,2023-05-25
240,3971,20,20230615,66.0,2.5,Cash,2023-06-15
241,3971,15,20230717,73.0,2.0,Credit Card,2023-07-17
242,3971,41,20230722,142.0,1.7,Cash,2023-07-22
243,3971,4,20230806,180.0,3.9,Cash,2023-08-06
244,3971,30,20230823,26.0,,Credit Card,2023-08-23
245,3971,32,20230829,67.0,3.2,Cash,2023-08-29
246,3972,35,20221026,31.0,3.2,Credit Card,2022-10-26
247,3972,47,20221108,126.0,3.8,Credit Card,2022-11-08
248,3972,49,20221120,22.0,3.0,Credit Card,2022-11-20
249,3972,9,20221222,28.0,4.6,Credit Card,2022-12-22
250,3972,5,20230126,90.0,4.6,Credit Card,2023-01-26
251,3972,10,20230202,195.0,2.1,Cash,2023-02-02
252,3972,31,20230204,120.0,4.6,Cash,2023-02-04
253,3972,8,20230416,109.0,1.4,Credit Card,2023-04-16
254,3972,36,20230418,42.0,2.8,Credit Card,2023-04-18
255,3972,33,20230422,64.0,3.3,Cash,2023-04-22
256,3972,26,20230506,3378.0,3.6,Cash,2023-05-06
257,3972,34,20230529,55.0,4.6,Credit Card,2023-05-29
258,3972,20,20230623,161.0,1.4,Cash,2023-06-23
259,3972,27,20230623,174.0,2.1,Credit Card,2023-06-23
260,3972,25,20230626,40.0,2.9,Cash,2023-06-26
261,3972,43,20230630,126.0,4.9,Cash,2023-06-30
262,3972,5,20230708,19.0,3.8,Credit Card,2023-07-08
263,3972,18,20230716,158.0,4.5,Cash,2023-07-16
264,3973,16,20221003,62.0,3.5,Cash,2022-10-03
265,3973,30,20221006,127.0,1.3,Cash,2022-10-06
266,3973,6,20221017,61.0,4.7,Credit Card,2022-10-17
267,3973,43,20221022,134.0,3.2,Cash,2022-10-22
268,3973,1,20221027,160.0,1.9,Credit Card,2022-10-27
269,3973,13,20221030,189.0,2.5,Credit Card,2022-10-30
270,3973,46,20221110,2419.0,4.6,Cash,2022-11-10
271,3973,9,20221220,120.0,1.6,Credit Card,2022-12-20
272,3973,38,20221221,162.0,3.8,Cash,2022-12-21
273,3973,42,20230114,107.0,1.5,Credit Card,2023-01-14
274,3973,48,20230121,115.0,2.0,Cash,2023-01-21
275,3973,23,20230210,142.0,,Cash,2023-02-10
276,3973,20,20230426,21.0,4.2,Cash,2023-04-26
277,3973,8,20230427,92.0,1.8,Credit Card,2023-04-27
278,3973,32,20230531,196.0,2.9,Cash,2023-05-31
279,3973,33,20230628,117.0,1.9,Cash,2023-06-28
280,3973,36,20230701,153.0,4.7,Cash,2023-07-01
281,3973,2,20230708,157.0,3.3,Cash,2023-07-08
282,3973,48,20230712,57.0,3.0,Cash,2023-07-12
283,3973,33,20230718,112.0,1.8,Cash,2023-07-18
284,3973,2,20230810,136.0,4.2,Credit Card,2023-08-10
285,3973,13,20230811,32.0,2.4,Cash,2023-08-11
286,3973,25,20230811,33.0,2.8,Cash,2023-08-11
287,3973,23,20230901,44.0,2.1,Credit Card,2023-09-01
288,3973,3,20230904,144.0,4.1,Cash,2023-09-04
289,3974,46,20221020,189.0,4.0,Cash,2022-10-20
290,3974,15,20221115,190.0,,Credit Card,2022-11-15
291,3974,42,20221205,96.0,3.6,Credit Card,2022-12-05
292,3974,25,20221218,154.0,1.3,Cash,2022-12-18
293,3974,8,20221221,67.0,,Cash,2022-12-21
294,3974,4,20221230,107.0,1.3,Credit Card,2022-12-30
295,3974,42,20221230,87.0,4.2,Credit Card,2022-12-30
296,3974,32,20221231,27.0,1.4,Cash,2022-12-31
297,3974,31,20230105,10.0,4.4,Cash,2023-01-05
298,3974,50,20230116,119.0,4.6,Cash,2023-01-16
299,3974,50,20230204,150.0,3.4,Credit Card,2023-02-04
300,3974,41,20230222,47.0,,Credit Card,2023-02-22
301,3974,43,20230304,153.0,2.6,Cash,2023-03-04
302,3974,12,20230416,2026.0,4.0,Cash,2023-04-16
303,3974,29,20230709,169.0,2.8,Cash,2023-07-09
304,3974,12,20230802,129.0,3.1,Credit Card,2023-08-02
305,3974,36,20230826,112.0,,Credit Card,2023-08-26
306,3974,8,20230906,115.0,2.1,Cash,2023-09-06
307,3974,10,20230929,27.0,1.5,Credit Card,2023-09-29
308,3975,33,20221117,105.0,,Credit Card,2022-11-17
309,3975,9,20221120,101.0,3.0,Credit Card,2022-11-20
310,3975,18,20221209,131.0,4.6,Credit Card,2022-12-09
311,3975,7,20230207,14.0,3.5,Cash,2023-02-07
312,3975,1,20230209,71.0,1.6,Cash,2023-02-09
313,3975,36,20230222,121.0,1.1,Credit Card,2023-02-22
314,3975,3,20230415,18.0,4.9,Credit Card,2023-04-15
315,3975,21,20230703,76.0,2.4,Credit Card,2023-07-03
316,3975,42,20230722,195.0,4.0,Cash,2023-07-22
317,3975,40,20230913,118.0,2.7,Cash,2023-09-13
318,3975,49,20230929,60.0,3.7,Credit Card,2023-09-29
319,3976,21,20221211,99.0,2.2,Credit Card,2022-12-11
320,3976,47,20221231,140.0,4.5,Credit Card,2022-12-31
321,3976,10,20230126,102.0,2.2,Cash,2023-01-26
322,3976,7,20230304,125.0,1.5,Cash,2023-03-04
323,3976,23,20230415,31.0,1.1,Credit Card,2023-04-15
324,3976,37,20230421,147.0,,Cash,2023-04-21
325,3976,32,20230426,98.0,3.6,Credit Card,2023-04-26
326,3976,30,20230523,83.0,,Credit Card,2023-05-23
327,3976,43,20230523,97.0,4.4,Cash,2023-05-23
328,3976,18,20230526,86.0,,Cash,2023-05-26
329,3976,34,20230618,146.0,3.3,Credit Card,2023-06-18
330,3976,35,20230618,4069.0,4.9,Credit Card,2023-06-18
331,3976,7,20230621,164.0,4.3,Credit Card,2023-06-21
332,3976,40,20230722,136.0,3.4,Credit Card,2023-07-22
333,3976,37,20230724,134.0,2.1,Credit Card,2023-07-24
334,3976,32,20230818,165.0,2.9,Credit Card,2023-08-18
335,3976,42,20230926,189.0,4.0,Credit Card,2023-09-26
336,3976,49,20230928,150.0,2.9,Credit Card,2023-09-28
337,3977,34,20221007,39.0,2.4,Credit Card,2022-10-07
338,3977,22,20221015,64.0,1.6,Cash,2022-10-15
339,3977,33,20221105,89.0,3.6,Cash,2022-11-05
340,3977,35,20221227,33.0,1.9,Credit Card,2022-12-27
341,3977,22,20230108,113.0,,Credit Card,2023-01-08
342,3977,24,20230215,30.0,,Cash,2023-02-15
343,3977,25,20230219,39.0,4.3,Credit Card,2023-02-19
344,3977,26,20230321,55.0,3.1,Credit Card,2023-03-21
345,3977,24,20230322,150.0,4.7,Cash,2023-03-22
346,3977,26,20230421,11.0,4.7,Cash,2023-04-21
347,3977,6,20230425,73.0,3.9,Credit Card,2023-04-25
348,3977,20,20230428,91.0,3.9,Credit Card,2023-04-28
349,3977,39,20230502,69.0,3.6,Cash,2023-05-02
350,3977,5,20230623,167.0,4.5,Credit Card,2023-06-23
351,3977,4,20230821,72.0,3.4,Credit Card,2023-08-21
352,3977,49,20230920,73.0,4.3,Credit Card,2023-09-20
353,3978,7,20221014,102.0,4.3,Cash,2022-10-14
354,3978,10,20221028,180.0,4.3,Cash,2022-10-28
355,3978,11,20221029,164.0,3.2,Cash,2022-10-29
356,3978,31,20221031,49.0,4.5,Cash,2022-10-31
357,3978,5,20221122,32.0,2.6,Credit Card,2022-11-22
358,3978,37,20221129,35.0,1.2,Cash,2022-11-29
359,3978,27,20221224,104.0,3.9,Cash,2022-12-24
360,3978,28,20230105,139.0,3.2,Cash,2023-01-05
361,3978,3,20230115,146.0,3.7,Credit Card,2023-01-15
362,3978,14,20230117,37.0,5.0,Cash,2023-01-17
363,3978,44,20230201,112.0,2.3,Cash,2023-02-01
364,3978,8,20230206,174.0,3.8,Credit Card,2023-02-06
365,3978,1,20230218,154.0,2.6,Credit Card,2023-02-18
366,3978,19,20230311,173.0,3.5,Cash,2023-03-11
367,3978,17,20230312,175.0,4.1,Credit Card,2023-03-12
368,3978,39,20230422,196.0,3.5,Cash,2023-04-22
369,3978,28,20230425,191.0,1.4,Credit Card,2023-04-25
370,3978,13,20230514,185.0,4.0,Cash,2023-05-14
371,3978,23,20230629,175.0,4.2,Cash,2023-06-29
372,3978,50,20230711,102.0,2.0,Credit Card,2023-07-11
373,3978,16,20230826,50.0,4.7,Credit Card,2023-08-26
374,3978,24,20230906,186.0,1.6,Cash,2023-09-06
375,3978,13,20230910,116.0,,Credit Card,2023-09-10
376,3978,39,20230928,133.0,3.4,Credit Card,2023-09-28
377,3979,33,20221022,183.0,1.4,Credit Card,2022-10-22
378,3979,23,20221023,13.0,2.9,Cash,2022-10-23
379,3979,16,20221119,128.0,1.5,Credit Card,2022-11-19
380,3979,48,20221208,56.0,3.1,Credit Card,2022-12-08
381,3979,22,20221230,137.0,1.9,Credit Card,2022-12-30
382,3979,12,20230330,30.0,3.6,Cash,2023-03-30
383,3979,10,20230331,71.0,4.2,Credit Card,2023-03-31
384,3979,43,20230401,173.0,2.6,Credit Card,2023-04-01
385,3979,20,20230412,22.0,4.5,Credit Card,2023-04-12
386,3979,4,20230424,159.0,2.0,Credit Card,2023-04-24
387,3979,7,20230520,163.0,3.3,Cash,2023-05-20
388,3979,7,20230605,79.0,1.3,Cash,2023-06-05
389,3979,49,20230619,81.0,1.6,Cash,2023-06-19
390,3979,22,20230701,190.0,4.1,Cash,2023-07-01
391,3979,41,20230908,190.0,1.9,Cash,2023-09-08
392,3980,39,20221004,175.0,2.6,Cash,2022-10-04
393,3980,23,20221007,142.0,,Credit Card,2022-10-07
394,3980,41,20221123,80.0,3.0,Credit Card,2022-11-23
395,3980,14,20221213,154.0,3.7,Credit Card,2022-12-13
396,3980,28,20221224,123.0,4.0,Credit Card,2022-12-24
397,3980,28,20230123,131.0,4.6,Credit Card,2023-01-23
398,3980,21,20230125,71.0,,Cash,2023-01-25
399,3980,23,20230223,90.0,4.2,Cash,2023-02-23
400,3980,8,20230224,22.0,5.0,Cash,2023-02-24
401,3980,24,20230302,28.0,3.9,Cash,2023-03-02
402,3980,28,20230401,185.0,3.0,Credit Card,2023-04-01
403,3980,23,20230427,93.0,,Cash,2023-04-27
404,3980,17,20230508,189.0,2.1,Credit Card,2023-05-08
405,3980,25,20230526,2418.0,2.2,Credit Card,2023-05-26
406,3980,19,20230624,55.0,4.5,Credit Card,2023-06-24
407,3980,22,20230712,16.0,2.5,Credit Card,2023-07-12
408,3980,46,20230812,43.0,,Credit Card,2023-08-12
409,3980,27,20230813,99.0,2.3,Credit Card,2023-08-13
410,3980,41,20230825,191.0,4.1,Cash,2023-08-25
411,3980,7,20230830,56.0,4.4,Credit Card,2023-08-30
412,3981,2,20221011,42.0,3.4,Credit Card,2022-10-11
413,3981,40,20221025,99.0,4.5,Cash,2022-10-25
414,3981,5,20221117,189.0,2.0,Credit Card,2022-11-17
415,3981,10,20221212,35.0,2.8,Credit Card,2022-12-12
416,3981,32,20221224,91.0,1.7,Credit Card,2022-12-24
417,3981,32,20230219,200.0,4.4,Credit Card,2023-02-19
418,3981,30,20230309,182.0,4.9,Cash,2023-03-09
419,3981,39,20230311,33.0,2.8,Cash,2023-03-11
420,3981,43,20230401,114.0,4.3,Cash,2023-04-01
421,3981,34,20230510,157.0,4.2,Cash,2023-05-10
422,3981,6,20230623,194.0,1.9,Credit Card,2023-06-23
423,3981,26,20230708,42.0,1.8,Credit Card,2023-07-08
424,3981,5,20230910,3718.0,2.8,Credit Card,2023-09-10
425,3982,28,20221122,188.0,3.7,Credit Card,2022-11-22
426,3982,24,20230123,182.0,4.9,Credit Card,2023-01-23
427,3982,4,20230124,66.0,1.1,Cash,2023-01-24
428,3982,23,20230223,132.0,1.1,Cash,2023-02-23
429,3982,39,20230313,157.0,,Credit Card,2023-03-13
430,3982,14,20230401,55.0,4.7,Cash,2023-04-01
431,3982,10,20230425,154.0,3.9,Cash,2023-04-25
432,3982,16,20230502,196.0,1.8,Cash,2023-05-02
433,3982,44,20230512,44.0,,Credit Card,2023-05-12
434,3982,20,20230518,140.0,3.1,Credit Card,2023-05-18
435,3982,47,20230526,119.0,3.4,Credit Card,2023-05-26
436,3982,4,20230606,58.0,,Credit Card,2023-06-06
437,3982,33,20230727,151.0,2.9,Credit Card,2023-07-27
438,3982,43,20230808,79.0,2.5,Credit Card,2023-08-08
439,3982,2,20230904,198.0,,Cash,2023-09-04
440,3982,5,20230912,190.0,1.1,Cash,2023-09-12
441,3983,18,20221108,105.0,3.1,Cash,2022-11-08
442,3983,5,20230326,94.0,4.7,Cash,2023-03-26
443,3983,18,20230411,173.0,4.5,Cash,2023-04-11
444,3983,12,20230412,93.0,4.9,Cash,2023-04-12
445,3983,15,20230424,167.0,2.1,Credit Card,2023-04-24
446,3983,20,20230513,75.0,2.8,Credit Card,2023-05-13
447,3983,20,20230515,142.0,3.9,Credit Card,2023-05-15
448,3983,26,20230720,75.0,3.1,Cash,2023-07-20
449,3983,24,20230721,111.0,1.7,Cash,2023-07-21
450,3983,32,20230903,85.0,3.5,Cash,2023-09-03
451,3983,50,20230922,19.0,2.4,Cash,2023-09-22
452,3983,15,20230930,24.0,4.1,Credit Card,2023-09-30
453,3984,46,20221125,30.0,4.4,Cash,2022-11-25
454,3984,26,20221201,113.0,3.0,Credit Card,2022-12-01
455,3984,39,20221201,79.0,3.4,Cash,2022-12-01
456,3984,40,20221219,4859.0,5.0,Cash,2022-12-19
457,3984,20,20221227,158.0,1.7,Credit Card,2022-12-27
458,3984,12,20230204,181.0,2.3,Cash,2023-02-04
459,3984,34,20230416,182.0,4.8,Credit Card,2023-04-16
460,3984,48,20230702,185.0,2.9,Credit Card,2023-07-02
461,3984,25,20230703,195.0,4.8,Cash,2023-07-03
462,3984,15,20230708,179.0,4.3,Credit Card,2023-07-08
463,3984,45,20230714,29.0,3.5,Cash,2023-07-14
464,3984,46,20230730,104.0,1.6,Cash,2023-07-30
465,3984,37,20230804,23.0,4.7,Credit Card,2023-08-04
466,3984,11,20230825,10.0,4.1,Credit Card,2023-08-25
467,3985,38,20221005,83.0,3.4,Cash,2022-10-05
468,3985,22,20221202,67.0,2.5,Cash,2022-12-02
469,3985,11,20221219,162.0,1.2,Credit Card,2022-12-19
470,3985,2,20221224,19.0,3.1,Cash,2022-12-24
471,3985,15,20221231,45.0,2.0,Credit Card,2022-12-31
472,3985,27,20230119,32.0,4.1,Credit Card,2023-01-19
473,3985,32,20230217,111.0,3.0,Credit Card,2023-02-17
474,3985,27,20230227,160.0,1.4,Credit Card,2023-02-27
475,3985,11,20230305,159.0,2.6,Cash,2023-03-05
476,3985,8,20230306,111.0,3.7,Cash,2023-03-06
477,3985,27,20230313,134.0,2.1,Cash,2023-03-13
478,3985,10,20230408,175.0,4.6,Credit Card,2023-04-08
479,3985,26,20230409,54.0,4.3,Cash,2023-04-09
480,3985,9,20230616,166.0,1.7,Cash,2023-06-16
481,3985,40,20230726,83.0,,Credit Card,2023-07-26
482,3985,47,20230726,161.0,1.2,Cash,2023-07-26
483,3985,26,20230806,126.0,4.0,Cash,2023-08-06
484,3985,25,20230807,117.0,1.9,Cash,2023-08-07
485,3985,22,20230812,67.0,3.1,Credit Card,2023-08-12
486,3985,39,20230924,44.0,2.3,Credit Card,2023-09-24
487,3986,46,20221012,106.0,1.6,Credit Card,2022-10-12
488,3986,35,20221023,116.0,1.4,Cash,2022-10-23
489,3986,37,20221024,77.0,1.3,Credit Card,2022-10-24
490,3986,37,20221101,37.0,1.1,Credit Card,2022-11-01
491,3986,1,20221102,40.0,3.2,Cash,2022-11-02
492,3986,11,20221124,140.0,2.2,Cash,2022-11-24
493,3986,19,20221214,136.0,,Cash,2022-12-14
494,3986,47,20230130,126.0,4.1,Cash,2023-01-30
495,3986,17,20230314,29.0,2.0,Cash,2023-03-14
496,3986,6,20230316,12.0,3.1,Credit Card,2023-03-16
497,3986,35,20230319,158.0,4.7,Cash,2023-03-19
498,3986,42,20230320,52.0,5.0,Credit Card,2023-03-20
499,3986,44,20230329,63.0,2.2,Credit Card,2023-03-29
500,3986,13,20230405,4298.0,4.2,Cash,2023-04-05
501,3986,34,20230424,187.0,4.1,Credit Card,2023-04-24
502,3986,2,20230527,154.0,1.7,Cash,2023-05-27
503,3986,38,20230711,53.0,,Cash,2023-07-11
504,3986,10,20230801,93.0,3.1,Cash,2023-08-01
505,3986,14,20230922,174.0,3.8,Credit Card,2023-09-22
506,3986,21,20230925,46.0,2.2,Cash,2023-09-25
507,3987,4,20221028,96.0,1.7,Cash,2022-10-28
508,3987,14,20221221,91.0,2.5,Cash,2022-12-21
509,3987,50,20230105,60.0,4.1,Cash,2023-01-05
510,3987,16,20230114,150.0,4.0,Cash,2023-01-14
511,3987,31,20230118,193.0,4.3,Credit Card,2023-01-18
512,3987,29,20230120,109.0,3.0,Credit Card,2023-01-20
513,3987,22,20230131,146.0,1.7,Cash,2023-01-31
514,3987,1,20230221,130.0,2.5,Credit Card,2023-02-21
515,3987,28,20230226,36.0,3.4,Credit Card,2023-02-26
516,3987,25,20230301,194.0,1.3,Credit Card,2023-03-01
517,3987,27,20230616,25.0,3.1,Cash,2023-06-16
518,3987,20,20230628,101.0,3.4,Cash,2023-06-28
519,3987,12,20230722,98.0,1.8,Cash,2023-07-22
520,3987,50,20230801,123.0,2.5,Credit Card,2023-08-01
521,3987,40,20230809,160.0,2.9,Credit Card,2023-08-09
522,3987,14,20230901,85.0,1.5,Credit Card,2023-09-01
523,3988,29,20221019,62.0,,Credit Card,2022-10-19
524,3988,20,20221025,162.0,1.9,Cash,2022-10-25
525,3988,6,20221102,70.0,2.6,Credit Card,2022-11-02
526,3988,22,20221104,158.0,1.8,Credit Card,2022-11-04
527,3988,24,20221107,19.0,3.1,Credit Card,2022-11-07
528,3988,4,20221110,115.0,2.6,Credit Card,2022-11-10
529,3988,21,20221125,11.0,4.9,Credit Card,2022-11-25
530,3988,48,20230129,101.0,1.8,Credit Card,2023-01-29
531,3988,50,20230304,181.0,3.7,Credit Card,2023-03-04
532,3988,27,20230320,43.0,1.0,Cash,2023-03-20
533,3988,23,20230510,77.0,4.2,Credit Card,2023-05-10
534,3988,7,20230612,200.0,2.5,Cash,2023-06-12
535,3988,35,20230613,169.0,3.4,Credit Card,2023-06-13
536,3988,8,20230730,103.0,3.5,Credit Card,2023-07-30
537,3988,37,20230808,176.0,,Cash,2023-08-08
538,3988,17,20230810,199.0,2.2,Credit Card,2023-08-10
539,3988,41,20230830,166.0,3.5,Credit Card,2023-08-30
540,3988,45,20230831,86.0,4.5,Credit Card,2023-08-31
541,3988,35,20230924,104.0,3.5,Cash,2023-09-24
542,3989,33,20221106,21.0,4.2,Credit Card,2022-11-06
543,3989,49,20221112,71.0,3.1,Credit Card,2022-11-12
544,3989,10,20221221,142.0,4.8,Cash,2022-12-21
545,3989,33,20221222,21.0,1.1,Credit Card,2022-12-22
546,3989,5,20230117,171.0,4.8,Credit Card,2023-01-17
547,3989,25,20230124,111.0,3.9,Credit Card,2023-01-24
548,3989,30,20230126,153.0,3.4,Credit Card,2023-01-26
549,3989,49,20230206,95.0,1.8,Credit Card,2023-02-06
550,3989,40,20230313,64.0,3.2,Credit Card,2023-03-13
551,3989,22,20230416,44.0,1.6,Cash,2023-04-16
552,3989,43,20230426,49.0,4.7,Credit Card,2023-04-26
553,3989,34,20230511,182.0,4.5,Credit Card,2023-05-11
554,3989,12,20230514,138.0,,Cash,2023-05-14
555,3989,3,20230516,187.0,,Cash,2023-05-16
556,3989,24,20230519,148.0,4.1,Credit Card,2023-05-19
557,3989,18,20230723,20.0,2.3,Cash,2023-07-23
558,3989,12,20230809,198.0,4.9,Credit Card,2023-08-09
559,3989,46,20230813,144.0,3.2,Credit Card,2023-08-13
560,3989,38,20230821,34.0,4.4,Cash,2023-08-21
561,3989,20,20230913,141.0,3.3,Credit Card,2023-09-13
562,3990,11,20221007,105.0,3.8,Cash,2022-10-07
563,3990,40,20221027,48.0,,Credit Card,2022-10-27
564,3990,25,20221101,23.0,4.2,Credit Card,2022-11-01
565,3990,13,20221118,150.0,,Credit Card,2022-11-18
566,3990,17,20221216,136.0,1.2,Cash,2022-12-16
567,3990,39,20230102,127.0,1.9,Cash,2023-01-02
568,3990,13,20230109,172.0,3.9,Credit Card,2023-01-09
569,3990,2,20230111,177.0,4.7,Credit Card,2023-01-11
570,3990,33,20230213,77.0,4.4,Credit Card,2023-02-13
571,3990,39,20230405,97.0,3.5,Cash,2023-04-05
572,3990,2,20230407,137.0,1.6,Credit Card,2023-04-07
573,3990,28,20230407,91.0,3.2,Credit Card,2023-04-07
574,3990,10,20230412,23.0,4.5,Credit Card,2023-04-12
575,3990,30,20230601,91.0,3.0,Cash,2023-06-01
576,3990,50,20230714,132.0,4.3,Cash,2023-07-14
577,3990,50,20230725,77.0,2.5,Credit Card,2023-07-25
578,3990,14,20230811,187.0,1.4,Credit Card,2023-08-11
579,3990,24,20230826,20.0,,Cash,2023-08-26
580,3990,16,20230911,55.0,3.4,Credit Card,2023-09-11
581,3991,46,20221005,73.0,3.9,Credit Card,2022-10-05
582,3991,17,20221017,116.0,,Cash,2022-10-17
583,3991,11,20221120,157.0,3.7,Credit Card,2022-11-20
584,3991,24,20221202,142.0,4.1,Credit Card,2022-12-02
585,3991,11,20221209,144.0,2.2,Cash,2022-12-09
586,3991,12,20230128,55.0,3.2,Cash,2023-01-28
587,3991,3,20230503,145.0,4.5,Credit Card,2023-05-03
588,3991,22,20230627,106.0,1.6,Credit Card,2023-06-27
589,3991,28,20230814,46.0,,Credit Card,2023-08-14
590,3991,48,20230823,153.0,2.8,Cash,2023-08-23
591,3991,5,20230916,27.0,2.0,Credit Card,2023-09-16
592,3991,27,20230919,183.0,4.9,Credit Card,2023-09-19
593,3992,5,20221004,124.0,3.5,Credit Card,2022-10-04
594,3992,2,20221009,121.0,4.1,Credit Card,2022-10-09
595,3992,50,20221031,21.0,2.4,Cash,2022-10-31
596,3992,1,20221213,101.0,1.3,Credit Card,2022-12-13
597,3992,8,20221214,42.0,2.4,Credit Card,2022-12-14
598,3992,44,20230203,168.0,2.2,Credit Card,2023-02-03
599,3992,40,20230219,47.0,4.4,Credit Card,2023-02-19
600,3992,15,20230223,113.0,,Cash,2023-02-23
601,3992,39,20230224,80.0,,Cash,2023-02-24
602,3992,20,20230315,125.0,4.1,Credit Card,2023-03-15
603,3992,42,20230428,179.0,3.9,Cash,2023-04-28
604,3992,6,20230430,61.0,2.7,Credit Card,2023-04-30
605,3992,41,20230502,167.0,3.2,Cash,2023-05-02
606,3992,28,20230524,149.0,1.5,Cash,2023-05-24
607,3992,35,20230605,150.0,3.8,Cash,2023-06-05
608,3992,44,20230708,125.0,4.9,Cash,2023-07-08
609,3992,49,20230715,66.0,4.0,Cash,2023-07-15
610,3992,42,20230727,100.0,2.0,Credit Card,2023-07-27
611,3992,4,20230808,177.0,4.5,Cash,2023-08-08
612,3992,31,20230915,98.0,2.3,Credit Card,2023-09-15
613,3992,42,20230922,24.0,2.2,Credit Card,2023-09-22
614,3993,38,20221008,73.0,,Cash,2022-10-08
615,3993,42,20221113,94.0,2.7,Cash,2022-11-13
616,3993,13,20221213,116.0,2.4,Credit Card,2022-12-13
617,3993,19,20230114,90.0,4.2,Credit Card,2023-01-14
618,3993,8,20230117,27.0,3.6,Cash,2023-01-17
619,3993,45,20230228,172.0,4.2,Credit Card,2023-02-28
620,3993,25,20230304,128.0,2.7,Credit Card,2023-03-04
621,3993,18,20230407,160.0,4.5,Credit Card,2023-04-07
622,3993,40,20230414,113.0,,Credit Card,2023-04-14
623,3993,8,20230513,23.0,1.7,Cash,2023-05-13
624,3993,2,20230518,71.0,4.4,Credit Card,2023-05-18
625,3993,32,20230601,175.0,,Cash,2023-06-01
626,3993,9,20230603,176.0,,Cash,2023-06-03
627,3993,21,20230923,66.0,1.8,Cash,2023-09-23
628,3993,11,20230927,158.0,3.3,Cash,2023-09-27
629,3994,19,20221018,88.0,1.6,Credit Card,2022-10-18
630,3994,44,20221110,91.0,4.1,Cash,2022-11-10
631,3994,7,20221119,147.0,2.2,Cash,2022-11-19
632,3994,22,20221204,125.0,1.5,Cash,2022-12-04
633,3994,40,20221209,126.0,3.7,Credit Card,2022-12-09
634,3994,45,20230119,130.0,3.0,Credit Card,2023-01-19
635,3994,2,20230228,23.0,4.0,Credit Card,2023-02-28
636,3994,5,20230301,70.0,,Cash,2023-03-01
637,3994,15,20230301,36.0,1.6,Credit Card,2023-03-01
638,3994,39,20230324,159.0,3.3,Cash,2023-03-24
639,3994,29,20230327,123.0,1.4,Cash,2023-03-27
640,3994,1,20230427,56.0,3.4,Cash,2023-04-27
641,3994,4,20230506,200.0,1.4,Credit Card,2023-05-06
642,3994,11,20230603,109.0,4.7,Credit Card,2023-06-03
643,3994,6,20230705,109.0,1.4,Cash,2023-07-05
644,3994,25,20230715,148.0,2.5,Credit Card,2023-07-15
645,3994,8,20230729,132.0,3.8,Credit Card,2023-07-29
646,3994,6,20230730,103.0,1.7,Credit Card,2023-07-30
647,3994,11,20230731,44.0,1.5,Cash,2023-07-31
648,3994,46,20230910,182.0,1.8,Cash,2023-09-10
649,3995,33,20221103,179.0,4.6,Cash,2022-11-03
650,3995,6,20221123,30.0,4.1,Cash,2022-11-23
651,3995,8,20230102,181.0,3.0,Credit Card,2023-01-02
652,3995,5,20230410,36.0,4.5,Credit Card,2023-04-10
653,3995,17,20230415,16.0,2.5,Credit Card,2023-04-15
654,3995,18,20230501,139.0,1.4,Cash,2023-05-01
655,3995,42,20230512,188.0,4.1,Cash,2023-05-12
656,3995,38,20230517,29.0,3.9,Cash,2023-05-17
657,3995,4,20230525,44.0,4.3,Cash,2023-05-25
658,3995,48,20230527,186.0,3.9,Cash,2023-05-27
659,3995,34,20230607,153.0,3.0,Credit Card,2023-06-07
660,3995,16,20230713,69.0,1.5,Credit Card,2023-07-13
661,3995,25,20230713,157.0,3.3,Credit Card,2023-07-13
662,3995,24,20230719,56.0,,Credit Card,2023-07-19
663,3995,4,20230801,191.0,2.2,Cash,2023-08-01
664,3995,46,20230825,33.0,2.0,Credit Card,2023-08-25
665,3995,23,20230918,79.0,1.6,Credit Card,2023-09-18
666,3995,41,20230920,22.0,2.9,Credit Card,2023-09-20
667,3996,20,20221230,100.0,3.5,Credit Card,2022-12-30
668,3996,32,20230108,74.0,1.2,Cash,2023-01-08
669,3996,8,20230110,130.0,2.4,Cash,2023-01-10
670,3996,27,20230303,180.0,1.8,Cash,2023-03-03
671,3996,2,20230304,60.0,2.3,Credit Card,2023-03-04
672,3996,34,20230304,135.0,1.9,Credit Card,2023-03-04
673,3996,36,20230312,157.0,4.7,Credit Card,2023-03-12
674,3996,19,20230426,54.0,1.7,Credit Card,2023-04-26
675,3996,49,20230601,89.0,4.3,Cash,2023-06-01
676,3996,31,20230611,98.0,1.3,Credit Card,2023-06-11
677,3996,38,20230620,110.0,3.7,Credit Card,2023-06-20
678,3996,48,20230623,73.0,1.5,Cash,2023-06-23
679,3996,35,20230813,16.0,2.5,Credit Card,2023-08-13
680,3996,1,20230905,145.0,1.6,Cash,2023-09-05
681,3997,43,20221015,85.0,4.2,Credit Card,2022-10-15
682,3997,50,20221127,3003.0,4.7,Cash,2022-11-27
683,3997,2,20221219,28.0,4.4,Credit Card,2022-12-19
684,3997,20,20230125,10.0,,Credit Card,2023-01-25
685,3997,26,20230205,71.0,2.8,Cash,2023-02-05
686,3997,37,20230222,104.0,4.7,Credit Card,2023-02-22
687,3997,23,20230311,61.0,2.7,Credit Card,2023-03-11
688,3997,18,20230312,56.0,4.8,Credit Card,2023-03-12
689,3997,1,20230513,44.0,4.8,Credit Card,2023-05-13
690,3997,34,20230627,26.0,4.0,Cash,2023-06-27
691,3997,16,20230723,108.0,1.6,Credit Card,2023-07-23
692,3997,3,20230808,33.0,3.9,Credit Card,2023-08-08
693,3997,6,20230818,188.0,4.9,Credit Card,2023-08-18
694,3997,18,20230905,72.0,,Credit Card,2023-09-05
695,3998,36,20221106,164.0,1.0,Credit Card,2022-11-06
696,3998,34,20221222,183.0,3.8,Credit Card,2022-12-22
697,3998,39,20230213,61.0,2.4,Credit Card,2023-02-13
698,3998,6,20230303,43.0,2.2,Cash,2023-03-03
699,3998,7,20230406,99.0,1.6,Credit Card,2023-04-06
700,3998,6,20230427,80.0,3.0,Cash,2023-04-27
701,3998,18,20230525,182.0,3.1,Credit Card,2023-05-25
702,3998,11,20230709,176.0,2.5,Credit Card,2023-07-09
703,3998,42,20230815,136.0,3.4,Credit Card,2023-08-15
704,3998,14,20230817,47.0,2.8,Credit Card,2023-08-17
705,3998,41,20230903,78.0,2.5,Credit Card,2023-09-03
706,3998,49,20230907,184.0,3.2,Cash,2023-09-07
707,3998,22,20230922,105.0,2.1,Cash,2023-09-22
708,3998,2,20230923,194.0,3.1,Credit Card,2023-09-23
709,3999,23,20221015,173.0,4.1,Cash,2022-10-15
710,3999,35,20221122,127.0,4.7,Credit Card,2022-11-22
711,3999,20,20221219,68.0,2.4,Cash,2022-12-19
712,3999,26,20221229,72.0,2.3,Credit Card,2022-12-29
713,3999,39,20230102,23.0,1.3,Cash,2023-01-02
714,3999,20,20230121,116.0,2.3,Cash,2023-01-21
715,3999,5,20230221,82.0,2.7,Cash,2023-02-21
716,3999,39,20230301,157.0,4.2,Credit Card,2023-03-01
717,3999,36,20230329,83.0,2.3,Cash,2023-03-29
718,3999,1,20230426,130.0,,Cash,2023-04-26
719,3999,8,20230525,170.0,1.6,Cash,2023-05-25
720,3999,17,20230527,77.0,3.4,Credit Card,2023-05-27
721,3999,13,20230608,24.0,3.3,Credit Card,2023-06-08
722,3999,7,20230701,127.0,1.0,Credit Card,2023-07-01
723,3999,17,20230714,152.0,2.6,Cash,2023-07-14
724,3999,2,20230725,17.0,4.2,Credit Card,2023-07-25
725,3999,12,20230804,34.0,1.9,Cash,2023-08-04
726,3999,41,20230825,90.0,4.5,Credit Card,2023-08-25
727,3999,36,20230915,149.0,,Credit Card,2023-09-15
728,4000,4,20221026,39.0,,Credit Card,2022-10-26
729,4000,30,20221102,142.0,1.9,Credit Card,2022-11-02
730,4000,38,20221107,118.0,4.3,Cash,2022-11-07
731,4000,37,20221121,113.0,2.8,Cash,2022-11-21
732,4000,46,20221201,48.0,3.0,Credit Card,2022-12-01
733,4000,15,20221204,131.0,4.1,Credit Card,2022-12-04
734,4000,2,20221210,148.0,,Cash,2022-12-10
735,4000,8,20221213,66.0,4.5,Credit Card,2022-12-13
736,4000,23,20230108,39.0,3.6,Credit Card,2023-01-08
737,4000,30,20230303,12.0,,Cash,2023-03-03
738,4000,38,20230311,183.0,4.6,Cash,2023-03-11
739,4000,24,20230320,190.0,,Credit Card,2023-03-20
740,4000,1,20230505,54.0,4.1,Cash,2023-05-05
741,4000,9,20230720,57.0,4.4,Cash,2023-07-20
742,4000,16,20230805,40.0,3.3,Credit Card,2023-08-05
743,4000,43,20230812,122.0,3.6,Cash,2023-08-12
744,4000,16,20230817,149.0,,Credit Card,2023-08-17
745,4000,32,20230819,22.0,3.5,Credit Card,2023-08-19
746,4000,50,20230921,83.0,4.6,Cash,2023-09-21
747,4000,31,20230927,50.0,4.3,Cash,2023-09-27
748,4000,36,20230927,101.0,1.8,Cash,2023-09-27
749,4000,50,20231001,58.0,2.6,Credit Card,2023-10-01
750,4001,29,20221010,57.0,3.1,Cash,2022-10-10
751,4001,19,20221028,97.0,,Credit Card,2022-10-28
752,4001,50,20221103,160.0,2.1,Cash,2022-11-03
753,4001,42,20221105,99.0,4.0,Credit Card,2022-11-05
754,4001,10,20221110,98.0,1.7,Cash,2022-11-10
755,4001,48,20221122,177.0,2.3,Cash,2022-11-22
756,4001,14,20221125,12.0,2.7,Cash,2022-11-25
757,4001,13,20221206,55.0,4.9,Credit Card,2022-12-06
758,4001,6,20221208,133.0,1.7,Cash,2022-12-08
759,4001,10,20230112,99.0,3.2,Credit Card,2023-01-12
760,4001,26,20230127,98.0,,Credit Card,2023-01-27
761,4001,1,20230322,115.0,1.4,Cash,2023-03-22
762,4001,3,20230506,95.0,3.6,Credit Card,2023-05-06
763,4001,50,20230517,60.0,2.4,Cash,2023-05-17
764,4001,50,20230609,151.0,3.9,Cash,2023-06-09
765,4001,45,20230613,2952.0,2.2,Cash,2023-06-13
766,4001,37,20230617,194.0,1.2,Credit Card,2023-06-17
767,4001,4,20230705,10.0,3.7,Credit Card,2023-07-05
768,4001,43,20230817,101.0,,Cash,2023-08-17
769,4001,8,20230826,94.0,4.7,Credit Card,2023-08-26
770,4001,16,20230917,85.0,3.3,Cash,2023-09-17
771,4002,29,20221012,125.0,2.8,Credit Card,2022-10-12
772,4002,19,20221026,81.0,2.2,Cash,2022-10-26
773,4002,29,20221104,197.0,3.9,Cash,2022-11-04
774,4002,31,20221106,159.0,1.4,Cash,2022-11-06
775,4002,14,20221121,115.0,4.5,Credit Card,2022-11-21
776,4002,11,20221130,75.0,1.5,Cash,2022-11-30
777,4002,8,20221206,96.0,2.9,Credit Card,2022-12-06
778,4002,46,20221208,183.0,2.2,Credit Card,2022-12-08
779,4002,19,20221218,193.0,4.0,Credit Card,2022-12-18
780,4002,16,20221226,100.0,4.5,Cash,2022-12-26
781,4002,2,20230117,188.0,1.0,Credit Card,2023-01-17
782,4002,29,20230123,73.0,1.8,Credit Card,2023-01-23
783,4002,32,20230131,123.0,3.5,Credit Card,2023-01-31
784,4002,22,20230304,148.0,1.2,Credit Card,2023-03-04
785,4002,17,20230323,11.0,1.4,Credit Card,2023-03-23
786,4002,26,20230401,85.0,1.9,Cash,2023-04-01
787,4002,30,20230420,152.0,4.5,Cash,2023-04-20
788,4002,6,20230501,147.0,3.2,Cash,2023-05-01
789,4002,38,20230518,47.0,2.1,Credit Card,2023-05-18
790,4002,45,20230521,164.0,5.0,Credit Card,2023-05-21
791,4002,2,20230526,3839.0,1.8,Cash,2023-05-26
792,4002,28,20230809,19.0,2.3,Cash,2023-08-09
793,4003,17,20221229,91.0,1.9,Cash,2022-12-29
794,4003,8,20230104,131.0,4.1,Credit Card,2023-01-04
795,4003,33,20230325,99.0,1.9,Credit Card,2023-03-25
796,4003,27,20230424,46.0,3.3,Credit Card,2023-04-24
797,4003,42,20230501,145.0,2.0,Credit Card,2023-05-01
798,4003,22,20230610,63.0,2.3,Credit Card,2023-06-10
799,4003,42,20230613,186.0,4.4,Credit Card,2023-06-13
800,4003,16,20230709,181.0,1.6,Credit Card,2023-07-09
801,4003,48,20230801,108.0,3.3,Cash,2023-08-01
802,4003,47,20230807,54.0,4.9,Cash,2023-08-07
803,4003,21,20230813,152.0,1.2,Cash,2023-08-13
804,4003,2,20230908,107.0,3.0,Cash,2023-09-08
805,4003,22,20230924,150.0,2.3,Cash,2023-09-24
806,4003,21,20230930,128.0,2.9,Credit Card,2023-09-30
807,4004,12,20221015,181.0,4.6,Credit Card,2022-10-15
808,4004,43,20221219,80.0,2.9,Credit Card,2022-12-19
809,4004,12,20230121,18.0,4.1,Credit Card,2023-01-21
810,4004,33,20230122,159.0,2.0,Cash,2023-01-22
811,4004,13,20230304,64.0,2.1,Credit Card,2023-03-04
812,4004,27,20230509,173.0,2.6,Cash,2023-05-09
813,4004,37,20230519,86.0,4.3,Cash,2023-05-19
814,4004,29,20230525,129.0,4.9,Cash,2023-05-25
815,4004,2,20230624,103.0,2.9,Cash,2023-06-24
816,4004,28,20230810,198.0,2.5,Cash,2023-08-10
817,4004,24,20230829,61.0,1.6,Credit Card,2023-08-29
818,4004,21,20230902,65.0,1.7,Cash,2023-09-02
819,4004,23,20230909,114.0,2.6,Credit Card,2023-09-09
820,4004,16,20230924,25.0,3.9,Credit Card,2023-09-24
821,4005,50,20221013,129.0,3.3,Credit Card,2022-10-13
822,4005,42,20221111,173.0,3.0,Cash,2022-11-11
823,4005,38,20221216,194.0,2.9,Credit Card,2022-12-16
824,4005,24,20230213,55.0,2.3,Credit Card,2023-02-13
825,4005,12,20230314,80.0,4.8,Credit Card,2023-03-14
826,4005,11,20230323,191.0,3.5,Cash,2023-03-23
827,4005,33,20230412,141.0,4.6,Cash,2023-04-12
828,4005,2,20230420,80.0,4.3,Cash,2023-04-20
829,4005,2,20230422,62.0,2.2,Cash,2023-04-22
830,4005,4,20230517,162.0,,Credit Card,2023-05-17
831,4005,32,20230529,59.0,4.8,Cash,2023-05-29
832,4005,50,20230611,73.0,1.1,Cash,2023-06-11
833,4005,18,20230622,198.0,3.0,Credit Card,2023-06-22
834,4005,5,20230921,38.0,3.9,Cash,2023-09-21
835,4005,45,20230929,90.0,2.7,Credit Card,2023-09-29
836,4005,49,20231001,122.0,2.0,Cash,2023-10-01
837,4006,28,20221003,14.0,1.4,Cash,2022-10-03
838,4006,1,20221025,140.0,2.8,Cash,2022-10-25
839,4006,35,20221106,58.0,4.5,Credit Card,2022-11-06
840,4006,25,20221122,70.0,2.4,Cash,2022-11-22
841,4006,28,20221225,195.0,1.7,Credit Card,2022-12-25
842,4006,34,20230113,69.0,4.6,Credit Card,2023-01-13
843,4006,2,20230122,144.0,3.7,Credit Card,2023-01-22
844,4006,32,20230202,194.0,3.6,Cash,2023-02-02
845,4006,11,20230220,32.0,1.9,Credit Card,2023-02-20
846,4006,15,20230220,200.0,1.7,Credit Card,2023-02-20
847,4006,24,20230221,46.0,,Cash,2023-02-21
848,4006,29,20230302,152.0,,Cash,2023-03-02
849,4006,6,20230311,28.0,,Credit Card,2023-03-11
850,4006,32,20230401,71.0,3.6,Cash,2023-04-01
851,4006,25,20230622,93.0,1.8,Cash,2023-06-22
852,4006,10,20230710,61.0,3.3,Cash,2023-07-10
853,4006,17,20230725,113.0,2.8,Cash,2023-07-25
854,4006,11,20230727,67.0,1.4,Cash,2023-07-27
855,4006,48,20230819,32.0,1.9,Credit Card,2023-08-19
856,4006,43,20230825,111.0,4.5,Credit Card,2023-08-25
857,4006,21,20230928,122.0,3.7,Credit Card,2023-09-28
858,4007,22,20221118,165.0,2.1,Cash,2022-11-18
859,4007,43,20221127,185.0,1.1,Cash,2022-11-27
860,4007,23,20221216,13.0,1.4,Credit Card,2022-12-16
861,4007,36,20230113,37.0,1.7,Credit Card,2023-01-13
862,4007,9,20230211,166.0,3.7,Cash,2023-02-11
863,4007,41,20230323,87.0,4.6,Cash,2023-03-23
864,4007,10,20230405,172.0,1.9,Cash,2023-04-05
865,4007,24,20230526,155.0,,Cash,2023-05-26
866,4007,36,20230614,133.0,4.5,Credit Card,2023-06-14
867,4007,42,20230627,122.0,1.1,Cash,2023-06-27
868,4007,31,20230717,27.0,3.8,Credit Card,2023-07-17
869,4007,28,20230719,159.0,3.0,Cash,2023-07-19
870,4007,24,20230727,12.0,4.0,Cash,2023-07-27
871,4008,2,20221002,130.0,3.4,Credit Card,2022-10-02
872,4008,12,20221005,200.0,4.9,Cash,2022-10-05
873,4008,21,20221010,33.0,4.5,Cash,2022-10-10
874,4008,36,20221203,45.0,4.8,Cash,2022-12-03
875,4008,10,20221206,54.0,2.6,Credit Card,2022-12-06
876,4008,4,20221208,186.0,1.7,Cash,2022-12-08
877,4008,16,20221211,94.0,1.5,Cash,2022-12-11
878,4008,9,20230116,41.0,3.0,Cash,2023-01-16
879,4008,5,20230308,78.0,3.8,Cash,2023-03-08
880,4008,22,20230308,166.0,3.3,Credit Card,2023-03-08
881,4008,34,20230418,15.0,5.0,Credit Card,2023-04-18
882,4008,3,20230423,72.0,1.1,Credit Card,2023-04-23
883,4008,22,20230504,117.0,3.5,Credit Card,2023-05-04
884,4008,35,20230510,45.0,1.8,Credit Card,2023-05-10
885,4008,7,20230511,126.0,4.0,Credit Card,2023-05-11
886,4008,17,20230521,142.0,2.0,Credit Card,2023-05-21
887,4008,34,20230530,10.0,2.2,Credit Card,2023-05-30
888,4008,30,20230605,157.0,1.7,Credit Card,2023-06-05
889,4008,14,20230728,125.0,3.9,Cash,2023-07-28
890,4008,19,20230814,133.0,4.1,Cash,2023-08-14
891,4008,42,20230816,125.0,,Cash,2023-08-16
892,4009,31,20221104,47.0,,Cash,2022-11-04
893,4009,34,20221111,36.0,4.0,Cash,2022-11-11
894,4009,3,20221117,118.0,3.3,Credit Card,2022-11-17
895,4009,35,20221123,80.0,1.8,Cash,2022-11-23
896,4009,9,20221223,17.0,4.2,Credit Card,2022-12-23
897,4009,26,20230125,165.0,,Credit Card,2023-01-25
898,4009,34,20230217,90.0,1.1,Credit Card,2023-02-17
899,4009,1,20230410,46.0,2.8,Credit Card,2023-04-10
900,4009,11,20230416,51.0,1.8,Cash,2023-04-16
901,4009,14,20230422,52.0,2.0,Cash,2023-04-22
902,4009,32,20230507,39.0,4.9,Credit Card,2023-05-07
903,4009,21,20230622,92.0,2.7,Cash,2023-06-22
904,4009,46,20230702,48.0,3.0,Credit Card,2023-07-02
905,4009,24,20230805,44.0,1.6,Credit Card,2023-08-05
906,4009,28,20230819,143.0,4.8,Cash,2023-08-19
907,4009,10,20230921,147.0,1.7,Cash,2023-09-21
908,4009,36,20230924,134.0,1.9,Credit Card,2023-09-24
909,4010,22,20221021,195.0,2.7,Credit Card,2022-10-21
910,4010,35,20221208,176.0,3.4,Cash,2022-12-08
911,4010,34,20230109,104.0,,Cash,2023-01-09
912,4010,32,20230127,181.0,2.1,Credit Card,2023-01-27
913,4010,20,20230217,170.0,1.7,Cash,2023-02-17
914,4010,50,20230226,171.0,4.0,Credit Card,2023-02-26
915,4010,9,20230510,48.0,3.3,Cash,2023-05-10
916,4010,25,20230512,46.0,4.5,Credit Card,2023-05-12
917,4010,21,20230522,64.0,3.3,Credit Card,2023-05-22
918,4010,15,20230526,154.0,1.6,Credit Card,2023-05-26
919,4010,22,20230611,4233.0,,Credit Card,2023-06-11
920,4010,2,20230706,104.0,1.3,Credit Card,2023-07-06
921,4010,48,20230714,107.0,2.5,Credit Card,2023-07-14
922,4010,17,20230715,200.0,4.7,Cash,2023-07-15
923,4010,30,20230724,127.0,,Credit Card,2023-07-24
924,4010,39,20230803,184.0,,Cash,2023-08-03
925,4010,14,20230819,153.0,3.7,Credit Card,2023-08-19
926,4010,36,20230821,73.0,4.6,Credit Card,2023-08-21
927,4010,45,20230831,23.0,1.7,Cash,2023-08-31
928,4011,42,20221111,49.0,,Cash,2022-11-11
929,4011,4,20221113,51.0,4.1,Cash,2022-11-13
930,4011,13,20230103,130.0,4.1,Cash,2023-01-03
931,4011,20,20230104,42.0,3.4,Credit Card,2023-01-04
932,4011,32,20230112,32.0,2.8,Cash,2023-01-12
933,4011,1,20230114,120.0,2.6,Cash,2023-01-14
934,4011,13,20230402,146.0,4.8,Cash,2023-04-02
935,4011,30,20230403,147.0,,Credit Card,2023-04-03
936,4011,10,20230413,118.0,,Credit Card,2023-04-13
937,4011,4,20230421,174.0,3.4,Cash,2023-04-21
938,4011,8,20230503,93.0,4.7,Cash,2023-05-03
939,4011,43,20230508,160.0,,Cash,2023-05-08
940,4011,13,20230620,121.0,,Credit Card,2023-06-20
941,4011,24,20230627,36.0,4.6,Cash,2023-06-27
942,4011,13,20230704,50.0,2.0,Credit Card,2023-07-04
943,4011,47,20230831,200.0,2.6,Credit Card,2023-08-31
944,4011,28,20230929,63.0,1.5,Credit Card,2023-09-29
945,4012,27,20221014,50.0,3.1,Credit Card,2022-10-14
946,4012,26,20221104,23.0,3.2,Cash,2022-11-04
947,4012,5,20221205,35.0,4.6,Credit Card,2022-12-05
948,4012,13,20221209,170.0,3.8,Credit Card,2022-12-09
949,4012,2,20230121,94.0,4.9,Credit Card,2023-01-21
950,4012,35,20230207,178.0,1.6,Cash,2023-02-07
951,4012,17,20230301,132.0,4.1,Cash,2023-03-01
952,4012,37,20230423,143.0,2.6,Cash,2023-04-23
953,4012,32,20230529,2379.0,2.9,Credit Card,2023-05-29
954,4012,43,20230730,79.0,2.7,Cash,2023-07-30
955,4012,31,20230918,149.0,1.9,Credit Card,2023-09-18
956,4013,23,20221007,30.0,3.7,Cash,2022-10-07
957,4013,36,20221102,112.0,2.9,Credit Card,2022-11-02
958,4013,40,20221228,87.0,3.5,Cash,2022-12-28
959,4013,50,20221228,107.0,3.4,Cash,2022-12-28
960,4013,45,20230111,35.0,4.6,Cash,2023-01-11
961,4013,46,20230111,16.0,1.4,Credit Card,2023-01-11
962,4013,50,20230113,88.0,2.3,Credit Card,2023-01-13
963,4013,7,20230126,118.0,3.4,Cash,2023-01-26
964,4013,33,20230221,128.0,3.0,Cash,2023-02-21
965,4013,21,20230309,65.0,1.6,Cash,2023-03-09
966,4013,32,20230313,185.0,3.1,Credit Card,2023-03-13
967,4013,6,20230316,137.0,4.5,Cash,2023-03-16
968,4013,31,20230415,129.0,,Cash,2023-04-15
969,4013,35,20230707,122.0,4.3,Cash,2023-07-07
970,4013,35,20230729,15.0,1.3,Cash,2023-07-29
971,4013,30,20230822,89.0,1.1,Cash,2023-08-22
972,4014,43,20221002,99.0,1.2,Cash,2022-10-02
973,4014,45,20221205,25.0,4.2,Cash,2022-12-05
974,4014,26,20221213,178.0,,Cash,2022-12-13
975,4014,50,20221225,92.0,4.8,Credit Card,2022-12-25
976,4014,30,20230227,197.0,4.3,Credit Card,2023-02-27
977,4014,38,20230504,31.0,5.0,Cash,2023-05-04
978,4014,45,20230531,13.0,1.8,Credit Card,2023-05-31
979,4014,50,20230614,81.0,3.4,Credit Card,2023-06-14
980,4014,22,20230724,29.0,4.3,Cash,2023-07-24
981,4014,11,20230810,112.0,,Credit Card,2023-08-10
982,4014,20,20230914,123.0,1.7,Cash,2023-09-14
983,4014,3,20230922,22.0,2.8,Cash,2023-09-22
984,4015,7,20221011,135.0,4.5,Credit Card,2022-10-11
985,4015,48,20221028,188.0,2.5,Credit Card,2022-10-28
986,4015,44,20221207,168.0,3.7,Credit Card,2022-12-07
987,4015,20,20221224,131.0,3.6,Cash,2022-12-24
988,4015,43,20230102,200.0,3.8,Cash,2023-01-02
989,4015,24,20230105,36.0,1.3,Cash,2023-01-05
990,4015,4,20230107,61.0,2.4,Credit Card,2023-01-07
991,4015,19,20230118,159.0,1.1,Cash,2023-01-18
992,4015,22,20230506,122.0,1.4,Cash,2023-05-06
993,4015,34,20230706,100.0,4.7,Credit Card,2023-07-06
994,4015,9,20230712,25.0,3.4,Credit Card,2023-07-12
995,4015,18,20230722,18.0,4.8,Cash,2023-07-22
996,4015,27,20230915,92.0,1.1,Cash,2023-09-15
997,4015,19,20230922,29.0,4.7,Cash,2023-09-22
998,4016,11,20221127,22.0,1.4,Credit Card,2022-11-27
999,4016,41,20221129,30.0,1.5,Credit Card,2022-11-29
1000,4016,36,20221217,27.0,1.8,Cash,2022-12-17
1001,4016,27,20230102,140.0,2.3,Cash,2023-01-02
1002,4016,7,20230216,66.0,1.4,Cash,2023-02-16
1003,4016,31,20230304,161.0,1.3,Cash,2023-03-04
1004,4016,9,20230330,24.0,4.2,Cash,2023-03-30
1005,4016,26,20230505,118.0,4.8,Cash,2023-05-05
1006,4016,7,20230507,83.0,3.1,Credit Card,2023-05-07
1007,4016,42,20230530,51.0,4.6,Credit Card,2023-05-30
1008,4016,35,20230619,122.0,1.7,Cash,2023-06-19
1009,4016,9,20230717,179.0,1.7,Credit Card,2023-07-17
1010,4016,7,20230729,92.0,3.5,Credit Card,2023-07-29
1011,4017,18,20221028,72.0,,Credit Card,2022-10-28
1012,4017,8,20221105,122.0,1.1,Cash,2022-11-05
1013,4017,40,20221105,128.0,3.4,Credit Card,2022-11-05
1014,4017,28,20221217,118.0,4.3,Credit Card,2022-12-17
1015,4017,11,20221220,72.0,2.2,Credit Card,2022-12-20
1016,4017,22,20221226,35.0,3.1,Cash,2022-12-26
1017,4017,5,20230129,63.0,1.6,Cash,2023-01-29
1018,4017,49,20230209,133.0,4.6,Cash,2023-02-09
1019,4017,33,20230226,78.0,1.8,Credit Card,2023-02-26
1020,4017,47,20230315,61.0,2.3,Credit Card,2023-03-15
1021,4017,17,20230515,31.0,4.5,Cash,2023-05-15
1022,4017,29,20230515,173.0,4.6,Cash,2023-05-15
1023,4017,19,20230605,156.0,4.5,Credit Card,2023-06-05
1024,4017,21,20230611,183.0,2.4,Credit Card,2023-06-11
1025,4017,9,20230619,54.0,1.4,Cash,2023-06-19
1026,4017,13,20230717,2895.0,3.6,Credit Card,2023-07-17
1027,4017,18,20230717,199.0,3.1,Credit Card,2023-07-17
1028,4017,31,20230816,83.0,3.9,Credit Card,2023-08-16
1029,4017,23,20230820,130.0,4.7,Cash,2023-08-20
1030,4017,33,20230827,170.0,,Credit Card,2023-08-27
1031,4017,1,20230911,23.0,4.7,Credit Card,2023-09-11
1032,4017,6,20230928,33.0,3.3,Credit Card,2023-09-28
1033,4018,43,20221018,33.0,,Credit Card,2022-10-18
1034,4018,36,20221117,112.0,3.5,Credit Card,2022-11-17
1035,4018,31,20221118,97.0,3.4,Cash,2022-11-18
1036,4018,19,20221128,91.0,1.3,Cash,2022-11-28
1037,4018,36,20230114,30.0,3.0,Cash,2023-01-14
1038,4018,14,20230205,4619.0,,Credit Card,2023-02-05
1039,4018,2,20230207,76.0,5.0,Cash,2023-02-07
1040,4018,8,20230409,71.0,4.1,Credit Card,2023-04-09
1041,4018,35,20230506,52.0,4.1,Cash,2023-05-06
1042,4018,43,20230509,184.0,4.5,Credit Card,2023-05-09
1043,4018,21,20230519,124.0,2.9,Credit Card,2023-05-19
1044,4018,22,20230603,91.0,4.7,Credit Card,2023-06-03
1045,4018,45,20230711,32.0,2.2,Credit Card,2023-07-11
1046,4018,48,20230727,136.0,2.7,Credit Card,2023-07-27
1047,4018,46,20230815,57.0,2.0,Credit Card,2023-08-15
1048,4019,42,20221010,193.0,3.8,Credit Card,2022-10-10
1049,4019,4,20221215,126.0,3.5,Credit Card,2022-12-15
1050,4019,35,20230109,173.0,,Cash,2023-01-09
1051,4019,38,20230216,106.0,,Credit Card,2023-02-16
1052,4019,43,20230323,2102.0,4.1,Cash,2023-03-23
1053,4019,20,20230406,91.0,2.1,Cash,2023-04-06
1054,4019,37,20230411,35.0,2.0,Cash,2023-04-11
1055,4019,2,20230415,101.0,3.5,Credit Card,2023-04-15
1056,4019,23,20230505,148.0,4.8,Cash,2023-05-05
1057,4019,4,20230518,137.0,,Cash,2023-05-18
1058,4019,33,20230521,153.0,1.4,Cash,2023-05-21
1059,4019,30,20230728,60.0,4.5,Cash,2023-07-28
1060,4019,49,20230731,19.0,,Cash,2023-07-31
1061,4019,33,20230930,154.0,4.9,Cash,2023-09-30
1062,4020,49,20221003,30.0,2.3,Credit Card,2022-10-03
1063,4020,44,20221010,144.0,3.2,Credit Card,2022-10-10
1064,4020,27,20221108,197.0,4.3,Credit Card,2022-11-08
1065,4020,7,20221117,107.0,,Cash,2022-11-17
1066,4020,29,20230213,150.0,2.4,Cash,2023-02-13
1067,4020,46,20230307,47.0,3.4,Credit Card,2023-03-07
1068,4020,28,20230314,15.0,1.0,Credit Card,2023-03-14
1069,4020,6,20230315,148.0,2.7,Cash,2023-03-15
1070,4020,11,20230419,107.0,1.3,Cash,2023-04-19
1071,4020,16,20230513,194.0,2.4,Cash,2023-05-13
1072,4020,1,20230824,173.0,2.8,Cash,2023-08-24
1073,4020,8,20230915,145.0,2.0,Cash,2023-09-15
1074,4020,12,20230926,187.0,3.4,Credit Card,2023-09-26
1075,4021,18,20221101,116.0,4.3,Credit Card,2022-11-01
1076,4021,1,20230102,139.0,4.8,Cash,2023-01-02
1077,4021,26,20230410,184.0,4.7,Credit Card,2023-04-10
1078,4021,10,20230424,97.0,3.2,Cash,2023-04-24
1079,4021,11,20230511,12.0,,Credit Card,2023-05-11
1080,4021,39,20230511,123.0,1.8,Cash,2023-05-11
1081,4021,40,20230521,106.0,1.3,Cash,2023-05-21
1082,4021,36,20230807,15.0,2.4,Credit Card,2023-08-07
1083,4021,12,20230809,53.0,4.0,Cash,2023-08-09
1084,4021,47,20230814,61.0,2.4,Cash,2023-08-14
1085,4021,47,20230822,40.0,1.1,Credit Card,2023-08-22
1086,4021,29,20230926,144.0,1.0,Cash,2023-09-26
1087,4021,22,20230930,147.0,2.1,Cash,2023-09-30
1088,4022,24,20221010,98.0,,Credit Card,2022-10-10
1089,4022,42,20221022,198.0,1.9,Cash,2022-10-22
1090,4022,47,20221115,109.0,1.3,Credit Card,2022-11-15
1091,4022,32,20221224,150.0,2.9,Credit Card,2022-12-24
1092,4022,40,20230108,121.0,4.6,Cash,2023-01-08
1093,4022,16,20230124,197.0,1.0,Credit Card,2023-01-24
1094,4022,4,20230205,44.0,1.3,Credit Card,2023-02-05
1095,4022,25,20230315,190.0,2.0,Credit Card,2023-03-15
1096,4022,17,20230404,73.0,1.4,Cash,2023-04-04
1097,4022,20,20230509,31.0,2.2,Cash,2023-05-09
1098,4022,5,20230827,43.0,3.9,Cash,2023-08-27
1099,4023,42,20221027,132.0,3.5,Cash,2022-10-27
1100,4023,19,20221104,130.0,4.1,Credit Card,2022-11-04
1101,4023,36,20230106,140.0,1.9,Cash,2023-01-06
1102,4023,2,20230117,23.0,3.6,Credit Card,2023-01-17
1103,4023,36,20230204,166.0,4.7,Cash,2023-02-04
1104,4023,39,20230209,154.0,2.4,Credit Card,2023-02-09
1105,4023,5,20230214,193.0,3.5,Credit Card,2023-02-14
1106,4023,45,20230221,33.0,4.7,Credit Card,2023-02-21
1107,4023,10,20230303,44.0,2.2,Cash,2023-03-03
1108,4023,22,20230310,194.0,4.9,Credit Card,2023-03-10
1109,4023,25,20230423,156.0,3.3,Credit Card,2023-04-23
1110,4023,39,20230515,28.0,4.1,Credit Card,2023-05-15
1111,4023,46,20230611,126.0,1.4,Credit Card,2023-06-11
1112,4023,3,20230801,151.0,2.1,Credit Card,2023-08-01
1113,4023,16,20230817,111.0,3.3,Cash,2023-08-17
1114,4023,32,20230819,143.0,3.5,Credit Card,2023-08-19
1115,4023,37,20230821,27.0,3.1,Cash,2023-08-21
1116,4024,3,20221009,143.0,2.6,Credit Card,2022-10-09
1117,4024,36,20221216,34.0,1.9,Credit Card,2022-12-16
1118,4024,16,20221230,81.0,3.6,Credit Card,2022-12-30
1119,4024,41,20230101,199.0,4.0,Cash,2023-01-01
1120,4024,14,20230114,189.0,4.7,Credit Card,2023-01-14
1121,4024,47,20230308,16.0,4.8,Cash,2023-03-08
1122,4024,8,20230331,163.0,1.1,Cash,2023-03-31
1123,4024,44,20230516,22.0,1.0,Credit Card,2023-05-16
1124,4024,15,20230531,149.0,4.5,Cash,2023-05-31
1125,4024,11,20230705,15.0,1.8,Credit Card,2023-07-05
1126,4024,9,20230708,104.0,3.5,Credit Card,2023-07-08
1127,4024,34,20230717,56.0,2.2,Credit Card,2023-07-17
1128,4024,48,20230802,164.0,1.3,Cash,2023-08-02
1129,4024,26,20230803,40.0,3.6,Credit Card,2023-08-03
1130,4025,4,20221002,126.0,1.5,Cash,2022-10-02
1131,4025,9,20221012,123.0,2.9,Credit Card,2022-10-12
1132,4025,49,20221220,168.0,1.5,Credit Card,2022-12-20
1133,4025,22,20221226,131.0,3.9,Cash,2022-12-26
1134,4025,9,20230109,123.0,1.8,Cash,2023-01-09
1135,4025,4,20230406,179.0,4.1,Cash,2023-04-06
1136,4025,22,20230425,111.0,,Cash,2023-04-25
1137,4025,35,20230510,31.0,4.4,Cash,2023-05-10
1138,4025,19,20230715,41.0,2.3,Cash,2023-07-15
1139,4025,10,20230723,141.0,2.9,Cash,2023-07-23
1140,4025,25,20230903,161.0,2.5,Cash,2023-09-03
1141,4025,8,20230925,195.0,2.9,Credit Card,2023-09-25
1142,4026,49,20221015,10.0,2.5,Credit Card,2022-10-15
1143,4026,26,20221025,185.0,1.9,Credit Card,2022-10-25
1144,4026,12,20221122,108.0,3.3,Cash,2022-11-22
1145,4026,29,20230103,142.0,4.2,Credit Card,2023-01-03
1146,4026,42,20230114,87.0,2.0,Cash,2023-01-14
1147,4026,43,20230120,63.0,4.6,Cash,2023-01-20
1148,4026,14,20230209,49.0,4.2,Cash,2023-02-09
1149,4026,31,20230221,94.0,3.6,Credit Card,2023-02-21
1150,4026,44,20230324,162.0,4.2,Credit Card,2023-03-24
1151,4026,42,20230424,92.0,3.1,Credit Card,2023-04-24
1152,4026,33,20230426,164.0,1.7,Credit Card,2023-04-26
1153,4026,43,20230430,29.0,3.8,Credit Card,2023-04-30
1154,4026,41,20230706,111.0,4.0,Cash,2023-07-06
1155,4026,11,20230726,41.0,3.1,Credit Card,2023-07-26
1156,4026,42,20230820,147.0,3.3,Cash,2023-08-20
1157,4027,41,20221019,86.0,3.3,Cash,2022-10-19
1158,4027,3,20230112,112.0,1.8,Credit Card,2023-01-12
1159,4027,8,20230117,134.0,1.1,Cash,2023-01-17
1160,4027,42,20230526,38.0,2.8,Cash,2023-05-26
1161,4027,42,20230528,51.0,3.3,Credit Card,2023-05-28
1162,4027,23,20230611,164.0,3.6,Cash,2023-06-11
1163,4027,8,20230623,198.0,4.3,Credit Card,2023-06-23
1164,4027,15,20230731,159.0,1.6,Cash,2023-07-31
1165,4027,50,20230828,55.0,,Credit Card,2023-08-28
1166,4027,37,20230909,59.0,4.9,Credit Card,2023-09-09
1167,4027,24,20230912,31.0,1.2,Credit Card,2023-09-12
1168,4028,1,20221011,27.0,1.1,Credit Card,2022-10-11
1169,4028,12,20221022,33.0,4.1,Cash,2022-10-22
1170,4028,19,20221129,65.0,2.8,Cash,2022-11-29
1171,4028,28,20221231,80.0,1.1,Cash,2022-12-31
1172,4028,40,20230115,172.0,1.1,Credit Card,2023-01-15
1173,4028,8,20230211,33.0,4.3,Credit Card,2023-02-11
1174,4028,8,20230228,90.0,3.0,Credit Card,2023-02-28
1175,4028,12,20230318,127.0,1.2,Cash,2023-03-18
1176,4028,40,20230320,165.0,2.6,Credit Card,2023-03-20
1177,4028,2,20230321,16.0,2.9,Cash,2023-03-21
1178,4028,43,20230405,41.0,3.0,Credit Card,2023-04-05
1179,4028,34,20230626,146.0,4.3,Credit Card,2023-06-26
1180,4028,28,20230629,45.0,4.1,Cash,2023-06-29
1181,4028,28,20230706,21.0,2.4,Credit Card,2023-07-06
1182,4028,33,20230804,38.0,2.0,Cash,2023-08-04
1183,4028,30,20230822,188.0,2.6,Cash,2023-08-22
1184,4029,16,20221004,71.0,,Cash,2022-10-04
1185,4029,3,20221027,36.0,1.6,Cash,2022-10-27
1186,4029,13,20221109,44.0,2.2,Credit Card,2022-11-09
1187,4029,19,20221205,84.0,3.5,Cash,2022-12-05
1188,4029,34,20230110,48.0,2.7,Cash,2023-01-10
1189,4029,50,20230129,62.0,2.1,Credit Card,2023-01-29
1190,4029,47,20230208,13.0,2.5,Credit Card,2023-02-08
1191,4029,49,20230324,183.0,4.5,Credit Card,2023-03-24
1192,4029,26,20230419,144.0,2.1,Cash,2023-04-19
1193,4029,7,20230505,29.0,1.3,Credit Card,2023-05-05
1194,4029,46,20230511,66.0,1.8,Credit Card,2023-05-11
1195,4029,40,20230513,63.0,3.0,Cash,2023-05-13
1196,4029,6,20230517,153.0,,Credit Card,2023-05-17
1197,4029,13,20230612,127.0,3.2,Cash,2023-06-12
1198,4029,21,20230616,66.0,3.7,Cash,2023-06-16
1199,4029,37,20230627,152.0,3.1,Credit Card,2023-06-27
1200,4029,10,20230802,66.0,1.9,Credit Card,2023-08-02
1201,4029,5,20230805,47.0,3.4,Credit Card,2023-08-05
1202,4029,18,20230817,94.0,2.4,Cash,2023-08-17
1203,4029,4,20230820,72.0,2.4,Credit Card,2023-08-20
1204,4029,23,20230923,141.0,3.8,Credit Card,2023-09-23
1205,4029,25,20231001,151.0,4.0,Cash,2023-10-01
1206,4030,17,20221015,163.0,3.2,Cash,2022-10-15
1207,4030,30,20230102,36.0,2.8,Credit Card,2023-01-02
1208,4030,26,20230207,82.0,2.7,Cash,2023-02-07
1209,4030,40,20230221,57.0,2.7,Cash,2023-02-21
1210,4030,5,20230317,127.0,1.8,Cash,2023-03-17
1211,4030,7,20230414,175.0,2.3,Credit Card,2023-04-14
1212,4030,16,20230423,94.0,2.6,Credit Card,2023-04-23
1213,4030,8,20230612,179.0,3.0,Credit Card,2023-06-12
1214,4030,7,20230708,94.0,1.0,Credit Card,2023-07-08
1215,4030,4,20230716,135.0,3.6,Cash,2023-07-16
1216,4030,34,20230730,94.0,2.1,Credit Card,2023-07-30
1217,4031,3,20221010,142.0,2.0,Credit Card,2022-10-10
1218,4031,47,20221107,155.0,1.0,Credit Card,2022-11-07
1219,4031,34,20221112,161.0,1.4,Credit Card,2022-11-12
1220,4031,47,20221225,23.0,1.6,Credit Card,2022-12-25
1221,4031,4,20230114,190.0,3.0,Cash,2023-01-14
1222,4031,49,20230115,104.0,,Credit Card,2023-01-15
1223,4031,4,20230126,162.0,4.0,Cash,2023-01-26
1224,4031,15,20230211,131.0,3.0,Credit Card,2023-02-11
1225,4031,9,20230223,170.0,3.3,Cash,2023-02-23
1226,4031,34,20230410,11.0,2.1,Credit Card,2023-04-10
1227,4031,20,20230421,135.0,4.9,Credit Card,2023-04-21
1228,4031,21,20230513,181.0,2.1,Cash,2023-05-13
1229,4031,24,20230517,45.0,1.9,Credit Card,2023-05-17
1230,4031,7,20230628,177.0,3.5,Cash,2023-06-28
1231,4031,35,20230802,193.0,1.3,Credit Card,2023-08-02
1232,4031,16,20230824,86.0,3.0,Cash,2023-08-24
1233,4031,37,20230825,153.0,2.8,Cash,2023-08-25
1234,4032,6,20221003,22.0,1.1,Credit Card,2022-10-03
1235,4032,3,20221024,22.0,2.5,Credit Card,2022-10-24
1236,4032,3,20230104,38.0,4.0,Credit Card,2023-01-04
1237,4032,46,20230118,199.0,3.6,Cash,2023-01-18
1238,4032,17,20230125,157.0,2.3,Credit Card,2023-01-25
1239,4032,31,20230131,116.0,1.9,Credit Card,2023-01-31
1240,4032,7,20230302,162.0,2.5,Cash,2023-03-02
1241,4032,50,20230308,155.0,1.1,Credit Card,2023-03-08
1242,4032,33,20230315,39.0,3.5,Credit Card,2023-03-15
1243,4032,20,20230326,160.0,,Credit Card,2023-03-26
1244,4032,25,20230512,128.0,2.0,Cash,2023-05-12
1245,4032,27,20230513,34.0,,Credit Card,2023-05-13
1246,4032,1,20230615,76.0,4.7,Cash,2023-06-15
1247,4032,9,20230720,61.0,4.8,Cash,2023-07-20
1248,4032,4,20230911,70.0,3.4,Cash,2023-09-11
1249,4032,32,20230912,61.0,3.2,Cash,2023-09-12
1250,4033,46,20221024,130.0,2.4,Credit Card,2022-10-24
1251,4033,6,20221114,94.0,,Cash,2022-11-14
1252,4033,5,20230215,71.0,,Credit Card,2023-02-15
1253,4033,25,20230302,198.0,4.2,Credit Card,2023-03-02
1254,4033,37,20230314,142.0,3.0,Cash,2023-03-14
1255,4033,44,20230318,77.0,2.5,Credit Card,2023-03-18
1256,4033,11,20230322,137.0,2.8,Cash,2023-03-22
1257,4033,44,20230325,49.0,3.1,Cash,2023-03-25
1258,4033,25,20230326,172.0,4.2,Credit Card,2023-03-26
1259,4033,31,20230331,187.0,,Credit Card,2023-03-31
1260,4033,44,20230408,185.0,4.5,Cash,2023-04-08
1261,4033,41,20230428,32.0,2.6,Credit Card,2023-04-28
1262,4033,17,20230512,70.0,1.5,Cash,2023-05-12
1263,4033,48,20230601,137.0,1.2,Cash,2023-06-01
1264,4033,14,20230731,164.0,,Cash,2023-07-31
1265,4033,4,20230810,137.0,2.7,Credit Card,2023-08-10
1266,4033,21,20230817,167.0,,Credit Card,2023-08-17
1267,4033,1,20230831,189.0,4.9,Cash,2023-08-31
1268,4034,2,20221009,170.0,3.2,Cash,2022-10-09
1269,4034,32,20221027,169.0,,Cash,2022-10-27
1270,4034,32,20221105,66.0,1.2,Cash,2022-11-05
1271,4034,26,20221201,162.0,1.2,Cash,2022-12-01
1272,4034,32,20221214,143.0,4.3,Credit Card,2022-12-14
1273,4034,2,20221225,101.0,1.2,Credit Card,2022-12-25
1274,4034,40,20230129,150.0,1.0,Cash,2023-01-29
1275,4034,18,20230211,162.0,3.2,Credit Card,2023-02-11
1276,4034,36,20230213,192.0,2.0,Cash,2023-02-13
1277,4034,26,20230312,179.0,3.4,Cash,2023-03-12
1278,4034,33,20230324,28.0,3.4,Cash,2023-03-24
1279,4034,37,20230420,96.0,2.0,Credit Card,2023-04-20
1280,4034,11,20230521,108.0,4.1,Cash,2023-05-21
1281,4034,48,20230521,112.0,3.0,Credit Card,2023-05-21
1282,4034,39,20230607,110.0,2.4,Credit Card,2023-06-07
1283,4034,17,20230804,134.0,1.4,Credit Card,2023-08-04
1284,4034,45,20230804,133.0,4.0,Credit Card,2023-08-04
1285,4034,11,20230806,49.0,1.9,Credit Card,2023-08-06
1286,4034,50,20230809,66.0,1.7,Credit Card,2023-08-09
1287,4034,3,20230815,119.0,1.3,Credit Card,2023-08-15
1288,4034,34,20230907,75.0,3.0,Credit Card,2023-09-07
1289,4035,15,20221115,26.0,1.1,Credit Card,2022-11-15
1290,4035,47,20221223,4413.0,1.2,Credit Card,2022-12-23
1291,4035,44,20230210,172.0,,Cash,2023-02-10
1292,4035,14,20230421,46.0,4.3,Credit Card,2023-04-21
1293,4035,50,20230514,87.0,,Cash,2023-05-14
1294,4035,43,20230520,25.0,,Credit Card,2023-05-20
1295,4035,16,20230522,55.0,,Credit Card,2023-05-22
1296,4035,50,20230603,31.0,3.3,Cash,2023-06-03
1297,4035,45,20230612,185.0,4.2,Credit Card,2023-06-12
1298,4035,4,20230713,49.0,3.9,Credit Card,2023-07-13
1299,4035,38,20230724,48.0,4.9,Credit Card,2023-07-24
1300,4035,26,20230726,14.0,4.8,Cash,2023-07-26
1301,4036,45,20221010,116.0,4.1,Credit Card,2022-10-10
1302,4036,2,20221030,135.0,2.6,Credit Card,2022-10-30
1303,4036,1,20221106,175.0,1.4,Credit Card,2022-11-06
1304,4036,23,20221121,154.0,3.8,Credit Card,2022-11-21
1305,4036,23,20221128,197.0,3.1,Cash,2022-11-28
1306,4036,40,20230124,135.0,2.3,Cash,2023-01-24
1307,4036,9,20230201,189.0,4.5,Credit Card,2023-02-01
1308,4036,48,20230416,103.0,3.0,Cash,2023-04-16
1309,4036,3,20230524,96.0,4.2,Cash,2023-05-24
1310,4036,24,20230619,167.0,,Credit Card,2023-06-19
1311,4036,47,20230826,132.0,2.9,Cash,2023-08-26
1312,4036,12,20230911,155.0,,Cash,2023-09-11
1313,4036,4,20230925,102.0,4.6,Cash,2023-09-25
1314,4037,27,20221105,167.0,3.8,Credit Card,2022-11-05
1315,4037,39,20221110,139.0,2.4,Cash,2022-11-10
1316,4037,38,20221202,33.0,4.4,Cash,2022-12-02
1317,4037,12,20221219,194.0,3.9,Cash,2022-12-19
1318,4037,47,20230107,154.0,4.2,Credit Card,2023-01-07
1319,4037,34,20230117,72.0,,Credit Card,2023-01-17
1320,4037,43,20230310,40.0,4.4,Credit Card,2023-03-10
1321,4037,25,20230423,184.0,2.8,Credit Card,2023-04-23
1322,4037,38,20230427,94.0,3.0,Cash,2023-04-27
1323,4037,7,20230501,28.0,2.1,Cash,2023-05-01
1324,4037,2,20230705,136.0,4.1,Cash,2023-07-05
1325,4037,47,20230805,157.0,2.7,Credit Card,2023-08-05
1326,4037,11,20230913,174.0,2.3,Credit Card,2023-09-13
1327,4038,49,20221007,19.0,4.2,Cash,2022-10-07
1328,4038,44,20230107,110.0,2.8,Credit Card,2023-01-07
1329,4038,33,20230115,109.0,3.6,Cash,2023-01-15
1330,4038,46,20230126,31.0,4.6,Cash,2023-01-26
1331,4038,44,20230213,63.0,4.3,Cash,2023-02-13
1332,4038,39,20230227,149.0,2.1,Cash,2023-02-27
1333,4038,32,20230313,115.0,3.8,Cash,2023-03-13
1334,4038,6,20230315,71.0,1.9,Cash,2023-03-15
1335,4038,3,20230316,56.0,3.6,Cash,2023-03-16
1336,4038,39,20230322,71.0,2.6,Credit Card,2023-03-22
1337,4038,17,20230413,73.0,1.9,Credit Card,2023-04-13
1338,4038,45,20230531,43.0,4.2,Cash,2023-05-31
1339,4038,16,20230612,181.0,1.1,Credit Card,2023-06-12
1340,4038,1,20230720,103.0,1.0,Cash,2023-07-20
1341,4038,13,20230731,135.0,2.3,Cash,2023-07-31
1342,4038,35,20230814,119.0,2.5,Credit Card,2023-08-14
1343,4039,41,20221025,79.0,4.8,Credit Card,2022-10-25
1344,4039,37,20221103,102.0,1.9,Credit Card,2022-11-03
1345,4039,16,20230319,170.0,4.4,Credit Card,2023-03-19
1346,4039,45,20230322,58.0,3.3,Cash,2023-03-22
1347,4039,19,20230413,149.0,3.0,Cash,2023-04-13
1348,4039,13,20230416,135.0,3.0,Credit Card,2023-04-16
1349,4039,34,20230608,127.0,2.7,Credit Card,2023-06-08
1350,4039,20,20230609,32.0,1.2,Cash,2023-06-09
1351,4039,25,20230620,120.0,3.0,Cash,2023-06-20
1352,4039,48,20230705,121.0,4.4,Cash,2023-07-05
1353,4040,25,20221122,84.0,3.8,Cash,2022-11-22
1354,4040,14,20221130,158.0,1.1,Cash,2022-11-30
1355,4040,43,20230120,113.0,1.2,Credit Card,2023-01-20
1356,4040,16,20230123,167.0,2.5,Cash,2023-01-23
1357,4040,4,20230215,130.0,3.4,Credit Card,2023-02-15
1358,4040,50,20230304,27.0,3.8,Credit Card,2023-03-04
1359,4040,49,20230305,68.0,2.3,Credit Card,2023-03-05
1360,4040,32,20230402,119.0,1.0,Credit Card,2023-04-02
1361,4040,20,20230512,3138.0,,Credit Card,2023-05-12
1362,4040,44,20230715,143.0,3.1,Credit Card,2023-07-15
1363,4040,18,20230716,80.0,3.5,Credit Card,2023-07-16
1364,4040,40,20230723,95.0,2.6,Cash,2023-07-23
1365,4040,37,20230731,22.0,1.3,Credit Card,2023-07-31
1366,4040,33,20230825,4872.0,3.8,Cash,2023-08-25
1367,4040,35,20230828,176.0,2.2,Cash,2023-08-28
1368,4040,14,20230920,58.0,2.7,Cash,2023-09-20
1369,4040,8,20230925,178.0,3.4,Cash,2023-09-25
1370,4040,27,20230927,29.0,4.6,Cash,2023-09-27
1371,4041,24,20221005,146.0,4.4,Credit Card,2022-10-05
1372,4041,22,20221013,13.0,1.6,Cash,2022-10-13
1373,4041,50,20221209,193.0,4.4,Credit Card,2022-12-09
1374,4041,26,20230126,15.0,1.5,Credit Card,2023-01-26
1375,4041,34,20230209,107.0,,Credit Card,2023-02-09
1376,4041,7,20230520,18.0,4.2,Credit Card,2023-05-20
1377,4041,25,20230520,20.0,4.3,Cash,2023-05-20
1378,4041,48,20230618,41.0,2.1,Cash,2023-06-18
1379,4041,40,20230723,144.0,,Cash,2023-07-23
1380,4041,34,20230825,157.0,1.7,Credit Card,2023-08-25
1381,4041,17,20230923,42.0,1.2,Cash,2023-09-23
1382,4042,3,20221112,158.0,3.2,Cash,2022-11-12
1383,4042,33,20221114,40.0,2.1,Cash,2022-11-14
1384,4042,16,20221118,136.0,4.9,Credit Card,2022-11-18
1385,4042,50,20221118,123.0,4.6,Cash,2022-11-18
1386,4042,43,20221121,19.0,2.8,Cash,2022-11-21
1387,4042,31,20230101,128.0,1.8,Cash,2023-01-01
1388,4042,47,20230119,113.0,3.6,Cash,2023-01-19
1389,4042,21,20230222,76.0,3.9,Credit Card,2023-02-22
1390,4042,47,20230224,49.0,1.2,Cash,2023-02-24
1391,4042,39,20230227,126.0,2.5,Credit Card,2023-02-27
1392,4042,45,20230401,199.0,3.8,Cash,2023-04-01
1393,4042,26,20230413,62.0,4.6,Credit Card,2023-04-13
1394,4042,38,20230424,33.0,3.1,Credit Card,2023-04-24
1395,4042,4,20230502,137.0,1.9,Credit Card,2023-05-02
1396,4042,38,20230527,106.0,,Credit Card,2023-05-27
1397,4042,11,20230807,135.0,2.3,Credit Card,2023-08-07
1398,4042,4,20230816,134.0,3.3,Credit Card,2023-08-16
1399,4042,40,20230831,166.0,5.0,Cash,2023-08-31
1400,4042,50,20230831,154.0,2.9,Credit Card,2023-08-31
1401,4042,36,20230903,127.0,2.5,Cash,2023-09-03
1402,4043,5,20221006,97.0,4.4,Cash,2022-10-06
1403,4043,42,20221029,97.0,3.8,Cash,2022-10-29
1404,4043,32,20230205,165.0,1.7,Credit Card,2023-02-05
1405,4043,1,20230306,185.0,2.2,Credit Card,2023-03-06
1406,4043,28,20230309,182.0,2.8,Cash,2023-03-09
1407,4043,5,20230314,102.0,4.5,Cash,2023-03-14
1408,4043,34,20230319,189.0,4.3,Credit Card,2023-03-19
1409,4043,28,20230424,192.0,3.2,Cash,2023-04-24
1410,4043,48,20230506,169.0,4.8,Cash,2023-05-06
1411,4043,43,20230515,94.0,2.2,Cash,2023-05-15
1412,4043,49,20230601,13.0,1.8,Credit Card,2023-06-01
1413,4043,45,20230610,164.0,3.9,Cash,2023-06-10
1414,4043,2,20230721,148.0,1.2,Credit Card,2023-07-21
1415,4043,2,20230822,28.0,1.1,Credit Card,2023-08-22
1416,4043,46,20230917,74.0,1.6,Credit Card,2023-09-17
1417,4044,19,20221115,162.0,3.8,Credit Card,2022-11-15
1418,4044,24,20221115,170.0,3.9,Credit Card,2022-11-15
1419,4044,33,20221124,196.0,2.4,Cash,2022-11-24
1420,4044,26,20221225,114.0,4.4,Credit Card,2022-12-25
1421,4044,32,20230103,73.0,4.8,Credit Card,2023-01-03
1422,4044,38,20230111,107.0,4.2,Credit Card,2023-01-11
1423,4044,11,20230204,48.0,2.7,Credit Card,2023-02-04
1424,4044,7,20230210,145.0,2.4,Cash,2023-02-10
1425,4044,32,20230220,33.0,3.7,Credit Card,2023-02-20
1426,4044,17,20230318,140.0,4.0,Credit Card,2023-03-18
1427,4044,13,20230329,33.0,3.4,Cash,2023-03-29
1428,4044,17,20230517,67.0,1.2,Cash,2023-05-17
1429,4044,18,20230519,4771.0,4.1,Cash,2023-05-19
1430,4044,43,20230530,139.0,4.1,Credit Card,2023-05-30
1431,4044,3,20230801,92.0,4.8,Cash,2023-08-01
1432,4044,14,20230801,2122.0,1.2,Credit Card,2023-08-01
1433,4044,50,20230808,162.0,1.5,Credit Card,2023-08-08
1434,4044,7,20230824,171.0,4.3,Credit Card,2023-08-24
1435,4045,38,20221129,170.0,2.3,Credit Card,2022-11-29
1436,4045,13,20230127,51.0,2.5,Credit Card,2023-01-27
1437,4045,49,20230129,178.0,2.7,Credit Card,2023-01-29
1438,4045,30,20230216,13.0,4.2,Credit Card,2023-02-16
1439,4045,13,20230225,35.0,4.0,Cash,2023-02-25
1440,4045,49,20230227,122.0,1.0,Cash,2023-02-27
1441,4045,44,20230307,198.0,3.3,Cash,2023-03-07
1442,4045,11,20230315,163.0,2.3,Cash,2023-03-15
1443,4045,20,20230325,78.0,2.1,Credit Card,2023-03-25
1444,4045,34,20230408,147.0,3.7,Cash,2023-04-08
1445,4045,43,20230411,21.0,4.3,Cash,2023-04-11
1446,4045,26,20230429,88.0,3.8,Credit Card,2023-04-29
1447,4045,21,20230612,175.0,,Credit Card,2023-06-12
1448,4045,21,20230901,133.0,1.5,Cash,2023-09-01
1449,4046,36,20221007,146.0,2.9,Credit Card,2022-10-07
1450,4046,16,20221009,75.0,2.8,Credit Card,2022-10-09
1451,4046,16,20221017,97.0,4.9,Cash,2022-10-17
1452,4046,28,20221211,176.0,2.8,Cash,2022-12-11
1453,4046,42,20230213,190.0,3.8,Cash,2023-02-13
1454,4046,19,20230609,44.0,2.4,Cash,2023-06-09
1455,4046,45,20230717,41.0,2.2,Credit Card,2023-07-17
1456,4046,24,20230803,159.0,4.8,Credit Card,2023-08-03
1457,4047,1,20221005,197.0,2.7,Cash,2022-10-05
1458,4047,14,20221103,130.0,2.6,Credit Card,2022-11-03
1459,4047,19,20221219,40.0,3.3,Cash,2022-12-19
1460,4047,25,20230102,175.0,1.3,Cash,2023-01-02
1461,4047,47,20230115,183.0,2.4,Cash,2023-01-15
1462,4047,28,20230303,40.0,1.6,Credit Card,2023-03-03
1463,4047,49,20230327,189.0,2.7,Credit Card,2023-03-27
1464,4047,26,20230502,97.0,3.8,Cash,2023-05-02
1465,4047,27,20230504,118.0,2.3,Credit Card,2023-05-04
1466,4047,21,20230519,25.0,4.2,Cash,2023-05-19
1467,4047,32,20230520,54.0,1.1,Credit Card,2023-05-20
1468,4047,3,20230601,154.0,1.7,Cash,2023-06-01
1469,4047,17,20230704,81.0,4.2,Cash,2023-07-04
1470,4047,9,20230709,123.0,2.0,Credit Card,2023-07-09
1471,4047,2,20230807,28.0,,Cash,2023-08-07
1472,4047,2,20230809,107.0,3.8,Cash,2023-08-09
1473,4047,6,20230826,95.0,1.9,Cash,2023-08-26
1474,4048,39,20221003,32.0,1.1,Credit Card,2022-10-03
1475,4048,26,20221011,54.0,,Credit Card,2022-10-11
1476,4048,25,20221108,159.0,1.2,Credit Card,2022-11-08
1477,4048,41,20221119,153.0,2.7,Cash,2022-11-19
1478,4048,14,20221218,76.0,2.7,Cash,2022-12-18
1479,4048,4,20221228,188.0,4.4,Credit Card,2022-12-28
1480,4048,42,20230120,66.0,3.3,Cash,2023-01-20
1481,4048,13,20230305,114.0,4.1,Credit Card,2023-03-05
1482,4048,8,20230327,160.0,2.7,Cash,2023-03-27
1483,4048,32,20230428,178.0,1.6,Cash,2023-04-28
1484,4048,42,20230506,130.0,4.2,Cash,2023-05-06
1485,4048,26,20230512,47.0,4.7,Cash,2023-05-12
1486,4048,19,20230518,184.0,3.2,Cash,2023-05-18
1487,4048,14,20230528,52.0,3.5,Credit Card,2023-05-28
1488,4048,42,20230529,152.0,2.6,Cash,2023-05-29
1489,4048,39,20230828,17.0,2.5,Cash,2023-08-28
1490,4049,23,20221013,70.0,3.4,Credit Card,2022-10-13
1491,4049,47,20221018,58.0,2.3,Cash,2022-10-18
1492,4049,49,20221110,28.0,4.0,Credit Card,2022-11-10
1493,4049,50,20230103,125.0,4.0,Credit Card,2023-01-03
1494,4049,34,20230113,37.0,2.6,Cash,2023-01-13
1495,4049,18,20230117,142.0,3.3,Cash,2023-01-17
1496,4049,1,20230206,82.0,4.7,Credit Card,2023-02-06
1497,4049,41,20230214,143.0,,Cash,2023-02-14
1498,4049,33,20230416,86.0,1.0,Credit Card,2023-04-16
1499,4049,44,20230418,126.0,1.4,Cash,2023-04-18
1500,4049,42,20230505,30.0,3.3,Credit Card,2023-05-05
1501,4049,49,20230613,170.0,1.6,Cash,2023-06-13
1502,4049,16,20230621,111.0,1.8,Cash,2023-06-21
1503,4049,25,20230709,171.0,,Credit Card,2023-07-09
1504,4049,45,20230713,170.0,,Cash,2023-07-13
1505,4049,36,20230726,139.0,1.5,Credit Card,2023-07-26
1506,4049,16,20230827,160.0,2.4,Cash,2023-08-27
1507,4049,14,20230910,180.0,,Cash,2023-09-10
1508,4049,5,20230928,41.0,3.4,Cash,2023-09-28
1509,4050,33,20221011,104.0,4.3,Credit Card,2022-10-11
1510,4050,15,20221027,169.0,3.3,Cash,2022-10-27
1511,4050,9,20221108,53.0,2.2,Cash,2022-11-08
1512,4050,48,20221229,175.0,1.4,Cash,2022-12-29
1513,4050,22,20230101,82.0,1.6,Cash,2023-01-01
1514,4050,21,20230204,56.0,1.5,Credit Card,2023-02-04
1515,4050,12,20230221,30.0,1.6,Cash,2023-02-21
1516,4050,33,20230409,89.0,,Credit Card,2023-04-09
1517,4050,40,20230607,120.0,2.8,Cash,2023-06-07
1518,4050,36,20230620,126.0,2.7,Credit Card,2023-06-20
1519,4051,12,20221031,27.0,1.5,Cash,2022-10-31
1520,4051,41,20221108,119.0,3.5,Cash,2022-11-08
1521,4051,13,20221110,105.0,2.5,Credit Card,2022-11-10
1522,4051,31,20221114,182.0,1.9,Cash,2022-11-14
1523,4051,34,20221118,58.0,,Cash,2022-11-18
1524,4051,25,20221210,110.0,4.6,Credit Card,2022-12-10
1525,4051,49,20221218,139.0,1.7,Cash,2022-12-18
1526,4051,26,20221229,102.0,2.2,Cash,2022-12-29
1527,4051,7,20230129,58.0,4.0,Cash,2023-01-29
1528,4051,11,20230402,20.0,1.2,Cash,2023-04-02
1529,4051,17,20230402,174.0,1.3,Credit Card,2023-04-02
1530,4051,17,20230503,68.0,1.1,Credit Card,2023-05-03
1531,4051,16,20230531,62.0,4.2,Credit Card,2023-05-31
1532,4051,12,20230620,26.0,2.8,Credit Card,2023-06-20
1533,4051,2,20230624,188.0,2.7,Cash,2023-06-24
1534,4051,48,20230630,137.0,4.6,Cash,2023-06-30
1535,4051,28,20230729,10.0,1.0,Cash,2023-07-29
1536,4051,22,20230817,184.0,3.9,Cash,2023-08-17
1537,4051,36,20230906,132.0,1.3,Cash,2023-09-06
1538,4051,13,20230909,157.0,3.2,Credit Card,2023-09-09
1539,4051,9,20230924,35.0,4.3,Cash,2023-09-24
1540,4052,32,20221015,144.0,1.3,Cash,2022-10-15
1541,4052,7,20221021,14.0,1.2,Cash,2022-10-21
1542,4052,10,20221021,21.0,1.9,Cash,2022-10-21
1543,4052,39,20221119,93.0,3.0,Credit Card,2022-11-19
1544,4052,9,20221208,127.0,1.9,Cash,2022-12-08
1545,4052,11,20221208,116.0,1.4,Cash,2022-12-08
1546,4052,2,20221209,92.0,2.4,Credit Card,2022-12-09
1547,4052,34,20230122,144.0,2.6,Credit Card,2023-01-22
1548,4052,3,20230128,155.0,3.4,Credit Card,2023-01-28
1549,4052,47,20230217,151.0,1.2,Cash,2023-02-17
1550,4052,16,20230221,70.0,2.8,Cash,2023-02-21
1551,4052,32,20230403,129.0,4.4,Credit Card,2023-04-03
1552,4052,24,20230525,131.0,4.3,Credit Card,2023-05-25
1553,4052,45,20230617,175.0,3.5,Credit Card,2023-06-17
1554,4052,49,20230622,91.0,4.0,Cash,2023-06-22
1555,4052,23,20230626,146.0,4.5,Credit Card,2023-06-26
1556,4052,38,20230809,147.0,3.2,Cash,2023-08-09
1557,4052,14,20230911,27.0,1.7,Cash,2023-09-11
1558,4052,29,20230918,172.0,1.5,Credit Card,2023-09-18
1559,4053,18,20221102,80.0,4.3,Cash,2022-11-02
1560,4053,7,20221230,106.0,1.1,Cash,2022-12-30
1561,4053,40,20230128,191.0,4.1,Credit Card,2023-01-28
1562,4053,13,20230310,171.0,1.1,Credit Card,2023-03-10
1563,4053,38,20230417,182.0,2.8,Cash,2023-04-17
1564,4053,38,20230418,159.0,,Cash,2023-04-18
1565,4053,45,20230426,91.0,4.0,Cash,2023-04-26
1566,4053,40,20230516,136.0,3.5,Cash,2023-05-16
1567,4053,45,20230529,30.0,1.6,Cash,2023-05-29
1568,4053,40,20230611,170.0,3.7,Cash,2023-06-11
1569,4053,40,20230615,132.0,4.8,Credit Card,2023-06-15
1570,4053,32,20230706,200.0,3.6,Credit Card,2023-07-06
1571,4053,17,20230831,195.0,2.3,Cash,2023-08-31
1572,4054,14,20221129,176.0,,Credit Card,2022-11-29
1573,4054,37,20221223,129.0,,Cash,2022-12-23
1574,4054,14,20221229,12.0,2.6,Credit Card,2022-12-29
1575,4054,47,20230123,146.0,1.2,Credit Card,2023-01-23
1576,4054,32,20230207,199.0,,Credit Card,2023-02-07
1577,4054,45,20230217,17.0,2.5,Cash,2023-02-17
1578,4054,7,20230220,109.0,3.4,Credit Card,2023-02-20
1579,4054,41,20230228,3393.0,4.3,Cash,2023-02-28
1580,4054,39,20230303,130.0,2.5,Cash,2023-03-03
1581,4054,24,20230401,33.0,1.4,Credit Card,2023-04-01
1582,4054,43,20230410,183.0,4.8,Credit Card,2023-04-10
1583,4054,48,20230611,77.0,2.9,Credit Card,2023-06-11
1584,4054,14,20230612,194.0,2.1,Credit Card,2023-06-12
1585,4054,22,20230702,186.0,3.5,Credit Card,2023-07-02
1586,4054,13,20230722,194.0,4.9,Cash,2023-07-22
1587,4054,19,20230907,137.0,,Cash,2023-09-07
1588,4055,21,20221031,17.0,1.5,Credit Card,2022-10-31
1589,4055,43,20221109,153.0,,Cash,2022-11-09
1590,4055,45,20221110,125.0,4.4,Cash,2022-11-10
1591,4055,42,20221129,198.0,3.9,Credit Card,2022-11-29
1592,4055,48,20221218,54.0,3.6,Credit Card,2022-12-18
1593,4055,5,20230105,139.0,1.9,Credit Card,2023-01-05
1594,4055,43,20230113,28.0,3.3,Cash,2023-01-13
1595,4055,3,20230213,14.0,,Cash,2023-02-13
1596,4055,8,20230216,110.0,2.4,Cash,2023-02-16
1597,4055,6,20230403,160.0,4.6,Cash,2023-04-03
1598,4055,8,20230514,181.0,,Credit Card,2023-05-14
1599,4055,17,20230708,2571.0,1.3,Cash,2023-07-08
1600,4055,50,20230811,173.0,3.3,Cash,2023-08-11
1601,4055,13,20230914,136.0,1.2,Credit Card,2023-09-14
1602,4055,30,20230917,69.0,4.4,Credit Card,2023-09-17
1603,4056,32,20221119,96.0,1.5,Cash,2022-11-19
1604,4056,12,20221202,198.0,3.9,Cash,2022-12-02
1605,4056,14,20230116,87.0,2.5,Credit Card,2023-01-16
1606,4056,32,20230121,20.0,4.3,Cash,2023-01-21
1607,4056,18,20230201,86.0,1.2,Cash,2023-02-01
1608,4056,16,20230212,49.0,1.6,Credit Card,2023-02-12
1609,4056,35,20230304,83.0,3.7,Credit Card,2023-03-04
1610,4056,42,20230308,83.0,2.4,Cash,2023-03-08
1611,4056,35,20230316,176.0,2.5,Cash,2023-03-16
1612,4056,34,20230411,186.0,,Cash,2023-04-11
1613,4056,48,20230423,103.0,4.1,Credit Card,2023-04-23
1614,4056,42,20230519,86.0,,Cash,2023-05-19
1615,4056,19,20230602,55.0,,Cash,2023-06-02
1616,4056,7,20230612,98.0,2.9,Credit Card,2023-06-12
1617,4056,3,20230617,132.0,,Cash,2023-06-17
1618,4056,8,20230719,52.0,4.0,Credit Card,2023-07-19
1619,4056,25,20230720,58.0,4.1,Cash,2023-07-20
1620,4056,29,20230720,136.0,1.2,Credit Card,2023-07-20
1621,4056,18,20230728,192.0,1.7,Credit Card,2023-07-28
1622,4057,50,20221009,93.0,4.9,Cash,2022-10-09
1623,4057,25,20221023,58.0,,Cash,2022-10-23
1624,4057,28,20221023,105.0,,Credit Card,2022-10-23
1625,4057,36,20221129,11.0,1.2,Credit Card,2022-11-29
1626,4057,39,20221212,86.0,2.5,Credit Card,2022-12-12
1627,4057,33,20221227,135.0,4.5,Credit Card,2022-12-27
1628,4057,2,20230114,61.0,1.3,Credit Card,2023-01-14
1629,4057,42,20230121,75.0,,Cash,2023-01-21
1630,4057,6,20230225,15.0,3.3,Cash,2023-02-25
1631,4057,5,20230303,194.0,3.4,Cash,2023-03-03
1632,4057,32,20230330,176.0,4.9,Credit Card,2023-03-30
1633,4057,11,20230402,118.0,4.6,Credit Card,2023-04-02
1634,4057,30,20230420,157.0,1.3,Credit Card,2023-04-20
1635,4057,47,20230422,148.0,2.9,Cash,2023-04-22
1636,4057,36,20230508,123.0,2.0,Credit Card,2023-05-08
1637,4057,12,20230511,91.0,3.7,Credit Card,2023-05-11
1638,4057,33,20230823,14.0,1.7,Cash,2023-08-23
1639,4057,26,20230928,20.0,1.4,Cash,2023-09-28
1640,4058,15,20221016,59.0,2.2,Credit Card,2022-10-16
1641,4058,26,20221017,186.0,4.6,Cash,2022-10-17
1642,4058,39,20221212,53.0,4.1,Credit Card,2022-12-12
1643,4058,37,20221216,49.0,,Cash,2022-12-16
1644,4058,20,20230121,45.0,1.0,Credit Card,2023-01-21
1645,4058,2,20230122,139.0,3.6,Cash,2023-01-22
1646,4058,47,20230216,143.0,1.3,Credit Card,2023-02-16
1647,4058,28,20230308,75.0,1.3,Credit Card,2023-03-08
1648,4058,30,20230420,26.0,1.7,Credit Card,2023-04-20
1649,4058,33,20230809,30.0,4.2,Credit Card,2023-08-09
1650,4058,21,20230828,195.0,,Cash,2023-08-28
1651,4058,50,20230831,190.0,2.0,Credit Card,2023-08-31
1652,4058,41,20230917,173.0,,Credit Card,2023-09-17
1653,4058,20,20230924,39.0,,Credit Card,2023-09-24
1654,4059,38,20221023,143.0,4.5,Credit Card,2022-10-23
1655,4059,49,20221207,106.0,1.4,Credit Card,2022-12-07
1656,4059,39,20221209,21.0,1.1,Credit Card,2022-12-09
1657,4059,6,20221224,145.0,1.1,Credit Card,2022-12-24
1658,4059,2,20230116,55.0,1.4,Cash,2023-01-16
1659,4059,22,20230121,186.0,3.1,Credit Card,2023-01-21
1660,4059,5,20230202,56.0,,Cash,2023-02-02
1661,4059,1,20230205,46.0,4.9,Credit Card,2023-02-05
1662,4059,28,20230208,186.0,4.5,Cash,2023-02-08
1663,4059,1,20230324,66.0,1.8,Credit Card,2023-03-24
1664,4059,5,20230404,136.0,4.6,Cash,2023-04-04
1665,4059,27,20230521,29.0,1.8,Credit Card,2023-05-21
1666,4059,42,20230529,30.0,2.1,Cash,2023-05-29
1667,4059,14,20230706,80.0,4.8,Cash,2023-07-06
1668,4059,7,20230730,157.0,2.7,Cash,2023-07-30
1669,4059,8,20230903,82.0,2.1,Cash,2023-09-03
1670,4059,29,20230930,140.0,,Credit Card,2023-09-30
1671,4060,41,20221017,24.0,1.9,Credit Card,2022-10-17
1672,4060,47,20221224,143.0,4.2,Credit Card,2022-12-24
1673,4060,6,20221228,147.0,2.9,Credit Card,2022-12-28
1674,4060,11,20230105,183.0,3.6,Cash,2023-01-05
1675,4060,34,20230122,21.0,4.9,Credit Card,2023-01-22
1676,4060,5,20230126,3139.0,3.4,Credit Card,2023-01-26
1677,4060,46,20230131,148.0,4.9,Credit Card,2023-01-31
1678,4060,11,20230305,166.0,2.7,Credit Card,2023-03-05
1679,4060,39,20230315,108.0,3.1,Cash,2023-03-15
1680,4060,31,20230519,73.0,2.8,Credit Card,2023-05-19
1681,4060,27,20230608,112.0,1.2,Cash,2023-06-08
1682,4060,20,20230611,187.0,3.0,Credit Card,2023-06-11
1683,4060,8,20230619,149.0,1.9,Credit Card,2023-06-19
1684,4060,39,20230704,76.0,2.1,Credit Card,2023-07-04
1685,4060,42,20230712,55.0,4.5,Credit Card,2023-07-12
1686,4060,40,20230717,151.0,3.2,Cash,2023-07-17
1687,4060,34,20230926,151.0,1.7,Cash,2023-09-26
1688,4061,49,20221003,83.0,4.7,Cash,2022-10-03
1689,4061,1,20221004,59.0,4.5,Cash,2022-10-04
1690,4061,21,20221019,122.0,,Credit Card,2022-10-19
1691,4061,24,20221110,33.0,1.3,Credit Card,2022-11-10
1692,4061,9,20221210,148.0,3.3,Credit Card,2022-12-10
1693,4061,7,20230114,115.0,,Credit Card,2023-01-14
1694,4061,34,20230217,20.0,2.2,Credit Card,2023-02-17
1695,4061,33,20230218,133.0,2.9,Cash,2023-02-18
1696,4061,39,20230315,13.0,1.1,Cash,2023-03-15
1697,4061,29,20230501,48.0,1.1,Cash,2023-05-01
1698,4061,48,20230612,119.0,4.6,Credit Card,2023-06-12
1699,4061,9,20230626,169.0,4.1,Credit Card,2023-06-26
1700,4061,18,20230626,67.0,,Cash,2023-06-26
1701,4061,38,20230630,134.0,2.0,Credit Card,2023-06-30
1702,4061,18,20230730,21.0,3.4,Credit Card,2023-07-30
1703,4062,34,20221003,44.0,,Cash,2022-10-03
1704,4062,17,20221004,32.0,4.0,Cash,2022-10-04
1705,4062,47,20221023,178.0,2.8,Credit Card,2022-10-23
1706,4062,24,20221202,135.0,3.7,Cash,2022-12-02
1707,4062,6,20221207,85.0,,Cash,2022-12-07
1708,4062,27,20230103,76.0,2.9,Cash,2023-01-03
1709,4062,50,20230228,107.0,3.2,Credit Card,2023-02-28
1710,4062,26,20230327,29.0,2.9,Cash,2023-03-27
1711,4062,9,20230410,115.0,1.6,Credit Card,2023-04-10
1712,4062,45,20230428,14.0,4.6,Credit Card,2023-04-28
1713,4062,35,20230604,19.0,1.9,Credit Card,2023-06-04
1714,4062,21,20230610,174.0,2.6,Cash,2023-06-10
1715,4062,8,20230621,30.0,4.9,Cash,2023-06-21
1716,4062,30,20230724,37.0,4.0,Cash,2023-07-24
1717,4062,3,20230814,73.0,1.8,Cash,2023-08-14
1718,4062,1,20230903,111.0,3.7,Cash,2023-09-03
1719,4062,16,20230905,146.0,2.6,Cash,2023-09-05
1720,4063,47,20221108,101.0,,Cash,2022-11-08
1721,4063,42,20221201,162.0,1.9,Credit Card,2022-12-01
1722,4063,29,20221225,83.0,3.8,Cash,2022-12-25
1723,4063,5,20221227,10.0,1.6,Cash,2022-12-27
1724,4063,16,20230118,141.0,3.6,Credit Card,2023-01-18
1725,4063,40,20230125,92.0,5.0,Credit Card,2023-01-25
1726,4063,49,20230201,179.0,1.2,Credit Card,2023-02-01
1727,4063,45,20230417,44.0,1.5,Credit Card,2023-04-17
1728,4063,38,20230422,62.0,4.4,Credit Card,2023-04-22
1729,4063,11,20230424,47.0,3.4,Credit Card,2023-04-24
1730,4063,14,20230425,98.0,4.3,Cash,2023-04-25
1731,4063,3,20230516,126.0,3.8,Credit Card,2023-05-16
1732,4063,16,20230623,173.0,2.1,Credit Card,2023-06-23
1733,4063,49,20230712,52.0,3.5,Cash,2023-07-12
1734,4063,35,20230816,39.0,4.1,Credit Card,2023-08-16
1735,4063,6,20230825,133.0,4.3,Credit Card,2023-08-25
1736,4063,22,20230915,156.0,3.4,Credit Card,2023-09-15
1737,4063,17,20230918,76.0,4.8,Credit Card,2023-09-18
1738,4064,31,20221008,131.0,3.7,Cash,2022-10-08
1739,4064,31,20221008,154.0,2.7,Cash,2022-10-08
1740,4064,20,20221031,117.0,2.9,Cash,2022-10-31
1741,4064,11,20221201,128.0,4.1,Credit Card,2022-12-01
1742,4064,39,20230126,22.0,,Credit Card,2023-01-26
1743,4064,50,20230217,136.0,2.9,Credit Card,2023-02-17
1744,4064,48,20230318,192.0,2.5,Cash,2023-03-18
1745,4064,48,20230412,43.0,4.7,Credit Card,2023-04-12
1746,4064,12,20230430,172.0,4.8,Credit Card,2023-04-30
1747,4064,36,20230519,12.0,1.3,Credit Card,2023-05-19
1748,4064,17,20230530,173.0,2.8,Cash,2023-05-30
1749,4064,29,20230630,87.0,4.6,Credit Card,2023-06-30
1750,4064,8,20230705,12.0,2.3,Credit Card,2023-07-05
1751,4064,4,20230813,146.0,4.7,Cash,2023-08-13
1752,4065,46,20221009,183.0,3.0,Cash,2022-10-09
1753,4065,33,20221017,160.0,1.9,Credit Card,2022-10-17
1754,4065,47,20221024,159.0,2.6,Cash,2022-10-24
1755,4065,13,20221107,54.0,1.9,Credit Card,2022-11-07
1756,4065,50,20221214,39.0,2.2,Cash,2022-12-14
1757,4065,18,20230106,71.0,2.2,Cash,2023-01-06
1758,4065,15,20230119,133.0,1.4,Cash,2023-01-19
1759,4065,40,20230220,90.0,1.3,Cash,2023-02-20
1760,4065,34,20230221,144.0,4.2,Cash,2023-02-21
1761,4065,43,20230223,128.0,1.3,Credit Card,2023-02-23
1762,4065,36,20230324,196.0,4.3,Credit Card,2023-03-24
1763,4065,26,20230325,11.0,2.4,Credit Card,2023-03-25
1764,4065,33,20230331,176.0,4.4,Credit Card,2023-03-31
1765,4065,50,20230405,176.0,,Cash,2023-04-05
1766,4065,21,20230418,29.0,1.8,Credit Card,2023-04-18
1767,4065,5,20230512,84.0,3.5,Credit Card,2023-05-12
1768,4065,39,20230601,70.0,2.2,Cash,2023-06-01
1769,4065,46,20230602,145.0,3.0,Credit Card,2023-06-02
1770,4065,21,20230604,179.0,,Credit Card,2023-06-04
1771,4065,28,20230629,28.0,3.3,Credit Card,2023-06-29
1772,4065,8,20230705,109.0,,Credit Card,2023-07-05
1773,4065,21,20230726,199.0,3.2,Credit Card,2023-07-26
1774,4065,33,20230825,143.0,3.1,Cash,2023-08-25
1775,4065,44,20230925,151.0,1.8,Cash,2023-09-25
1776,4066,20,20221013,161.0,3.2,Credit Card,2022-10-13
1777,4066,17,20221028,153.0,1.3,Credit Card,2022-10-28
1778,4066,13,20221129,57.0,3.1,Cash,2022-11-29
1779,4066,39,20221211,176.0,,Credit Card,2022-12-11
1780,4066,20,20230102,134.0,3.8,Credit Card,2023-01-02
1781,4066,48,20230318,172.0,3.9,Credit Card,2023-03-18
1782,4066,4,20230412,37.0,2.3,Credit Card,2023-04-12
1783,4066,28,20230525,15.0,,Cash,2023-05-25
1784,4066,13,20230606,36.0,1.6,Credit Card,2023-06-06
1785,4066,23,20230615,90.0,3.1,Cash,2023-06-15
1786,4066,30,20230702,21.0,,Cash,2023-07-02
1787,4066,34,20230803,123.0,3.7,Credit Card,2023-08-03
1788,4066,3,20230822,113.0,2.5,Cash,2023-08-22
1789,4066,35,20230903,104.0,,Credit Card,2023-09-03
1790,4067,45,20221112,104.0,3.3,Credit Card,2022-11-12
1791,4067,6,20221121,4418.0,3.4,Cash,2022-11-21
1792,4067,18,20221206,87.0,1.1,Credit Card,2022-12-06
1793,4067,28,20221210,160.0,4.9,Credit Card,2022-12-10
1794,4067,23,20221223,170.0,3.6,Credit Card,2022-12-23
1795,4067,28,20230204,117.0,4.4,Credit Card,2023-02-04
1796,4067,43,20230225,76.0,2.8,Credit Card,2023-02-25
1797,4067,15,20230319,200.0,1.7,Cash,2023-03-19
1798,4067,44,20230506,24.0,3.8,Cash,2023-05-06
1799,4067,14,20230525,38.0,3.1,Cash,2023-05-25
1800,4067,28,20230527,87.0,4.2,Credit Card,2023-05-27
1801,4067,31,20230614,133.0,3.3,Cash,2023-06-14
1802,4067,36,20230629,111.0,3.9,Cash,2023-06-29
1803,4067,44,20230630,181.0,1.4,Cash,2023-06-30
1804,4067,50,20230710,194.0,4.9,Cash,2023-07-10
1805,4067,20,20230721,159.0,1.9,Cash,2023-07-21
1806,4067,49,20230807,89.0,3.4,Cash,2023-08-07
1807,4067,24,20230812,91.0,3.5,Cash,2023-08-12
1808,4067,37,20230819,18.0,3.8,Credit Card,2023-08-19
1809,4067,2,20230827,71.0,2.2,Credit Card,2023-08-27
1810,4068,37,20221014,60.0,1.1,Credit Card,2022-10-14
1811,4068,19,20221112,42.0,4.5,Cash,2022-11-12
1812,4068,25,20221209,3728.0,,Credit Card,2022-12-09
1813,4068,20,20221226,92.0,1.3,Cash,2022-12-26
1814,4068,4,20221228,148.0,1.1,Cash,2022-12-28
1815,4068,47,20230104,60.0,1.2,Cash,2023-01-04
1816,4068,17,20230106,86.0,1.3,Cash,2023-01-06
1817,4068,10,20230108,89.0,3.1,Cash,2023-01-08
1818,4068,7,20230312,114.0,3.0,Credit Card,2023-03-12
1819,4068,42,20230319,12.0,4.0,Cash,2023-03-19
1820,4068,26,20230321,39.0,2.4,Credit Card,2023-03-21
1821,4068,4,20230410,191.0,1.4,Credit Card,2023-04-10
1822,4068,39,20230418,70.0,2.4,Credit Card,2023-04-18
1823,4068,8,20230507,104.0,3.6,Credit Card,2023-05-07
1824,4068,43,20230519,65.0,3.8,Cash,2023-05-19
1825,4068,41,20230718,176.0,2.5,Cash,2023-07-18
1826,4068,25,20230723,27.0,2.9,Cash,2023-07-23
1827,4068,7,20230729,174.0,3.2,Cash,2023-07-29
1828,4068,7,20230815,33.0,1.1,Cash,2023-08-15
1829,4068,20,20230824,56.0,3.6,Credit Card,2023-08-24
1830,4068,18,20230826,146.0,1.1,Cash,2023-08-26
1831,4068,47,20230904,139.0,2.3,Credit Card,2023-09-04
1832,4068,8,20230914,176.0,4.5,Credit Card,2023-09-14
1833,4069,25,20221019,61.0,1.9,Credit Card,2022-10-19
1834,4069,19,20221022,95.0,3.1,Cash,2022-10-22
1835,4069,11,20221101,64.0,3.5,Cash,2022-11-01
1836,4069,31,20221107,49.0,4.4,Cash,2022-11-07
1837,4069,24,20221123,191.0,,Credit Card,2022-11-23
1838,4069,14,20221204,53.0,3.6,Credit Card,2022-12-04
1839,4069,47,20230106,111.0,4.5,Credit Card,2023-01-06
1840,4069,26,20230125,55.0,4.9,Cash,2023-01-25
1841,4069,22,20230214,53.0,1.5,Credit Card,2023-02-14
1842,4069,15,20230414,67.0,3.4,Cash,2023-04-14
1843,4069,26,20230421,15.0,1.6,Cash,2023-04-21
1844,4069,26,20230425,38.0,3.7,Credit Card,2023-04-25
1845,4069,40,20230629,76.0,4.3,Credit Card,2023-06-29
1846,4069,13,20230723,60.0,2.8,Credit Card,2023-07-23
1847,4069,40,20230805,157.0,2.3,Cash,2023-08-05
1848,4070,38,20221004,104.0,4.5,Cash,2022-10-04
1849,4070,45,20221005,85.0,1.7,Credit Card,2022-10-05
1850,4070,37,20221008,43.0,2.6,Cash,2022-10-08
1851,4070,8,20221017,153.0,4.3,Credit Card,2022-10-17
1852,4070,29,20221127,70.0,2.5,Cash,2022-11-27
1853,4070,29,20221207,185.0,3.7,Credit Card,2022-12-07
1854,4070,22,20221225,93.0,4.8,Cash,2022-12-25
1855,4070,7,20230123,44.0,2.3,Cash,2023-01-23
1856,4070,14,20230302,77.0,,Cash,2023-03-02
1857,4070,28,20230409,82.0,,Cash,2023-04-09
1858,4070,28,20230425,81.0,2.1,Cash,2023-04-25
1859,4070,40,20230502,75.0,,Cash,2023-05-02
1860,4070,1,20230530,138.0,1.1,Cash,2023-05-30
1861,4070,16,20230617,127.0,2.9,Credit Card,2023-06-17
1862,4070,49,20230717,186.0,1.5,Cash,2023-07-17
1863,4070,1,20230723,126.0,1.8,Credit Card,2023-07-23
1864,4070,22,20230723,140.0,2.0,Credit Card,2023-07-23
1865,4070,28,20230804,2902.0,4.9,Cash,2023-08-04
1866,4070,22,20230826,43.0,3.6,Credit Card,2023-08-26
1867,4070,31,20230827,124.0,1.6,Cash,2023-08-27
1868,4070,15,20230905,86.0,1.6,Credit Card,2023-09-05
1869,4071,29,20221002,193.0,3.9,Credit Card,2022-10-02
1870,4071,26,20221005,43.0,,Credit Card,2022-10-05
1871,4071,50,20221028,62.0,2.0,Credit Card,2022-10-28
1872,4071,47,20221203,107.0,1.5,Cash,2022-12-03
1873,4071,15,20221222,152.0,1.8,Credit Card,2022-12-22
1874,4071,2,20230201,132.0,2.6,Credit Card,2023-02-01
1875,4071,34,20230216,179.0,2.6,Credit Card,2023-02-16
1876,4071,38,20230313,78.0,4.7,Cash,2023-03-13
1877,4071,18,20230409,149.0,2.4,Cash,2023-04-09
1878,4071,45,20230416,144.0,1.2,Credit Card,2023-04-16
1879,4071,44,20230420,142.0,2.6,Credit Card,2023-04-20
1880,4071,30,20230623,176.0,,Cash,2023-06-23
1881,4071,36,20230625,107.0,4.1,Cash,2023-06-25
1882,4071,49,20230802,168.0,3.7,Cash,2023-08-02
1883,4071,14,20230807,10.0,2.6,Cash,2023-08-07
1884,4071,16,20230823,174.0,2.8,Credit Card,2023-08-23
1885,4072,28,20221015,170.0,3.6,Credit Card,2022-10-15
1886,4072,31,20221128,197.0,4.8,Credit Card,2022-11-28
1887,4072,11,20221207,28.0,2.9,Cash,2022-12-07
1888,4072,23,20230109,23.0,2.4,Cash,2023-01-09
1889,4072,48,20230122,151.0,3.9,Credit Card,2023-01-22
1890,4072,17,20230218,46.0,4.2,Cash,2023-02-18
1891,4072,14,20230223,18.0,3.3,Cash,2023-02-23
1892,4072,33,20230304,144.0,1.4,Credit Card,2023-03-04
1893,4072,30,20230312,136.0,4.1,Credit Card,2023-03-12
1894,4072,36,20230312,65.0,5.0,Credit Card,2023-03-12
1895,4072,43,20230331,27.0,1.6,Cash,2023-03-31
1896,4072,20,20230402,156.0,1.1,Cash,2023-04-02
1897,4072,27,20230507,158.0,2.7,Credit Card,2023-05-07
1898,4072,30,20230525,107.0,4.7,Credit Card,2023-05-25
1899,4072,18,20230905,167.0,5.0,Cash,2023-09-05
1900,4072,12,20230914,67.0,,Cash,2023-09-14
1901,4072,9,20230922,188.0,1.9,Cash,2023-09-22
1902,4073,3,20221007,120.0,1.6,Cash,2022-10-07
1903,4073,33,20221019,143.0,4.4,Credit Card,2022-10-19
1904,4073,24,20221024,49.0,3.9,Cash,2022-10-24
1905,4073,35,20221201,22.0,1.4,Cash,2022-12-01
1906,4073,5,20221221,198.0,3.2,Cash,2022-12-21
1907,4073,45,20221222,166.0,4.3,Credit Card,2022-12-22
1908,4073,11,20230305,103.0,3.5,Credit Card,2023-03-05
1909,4073,41,20230425,122.0,4.2,Credit Card,2023-04-25
1910,4073,8,20230510,133.0,3.2,Credit Card,2023-05-10
1911,4073,46,20230528,129.0,4.6,Cash,2023-05-28
1912,4073,24,20230608,169.0,3.9,Cash,2023-06-08
1913,4073,35,20230624,111.0,1.2,Credit Card,2023-06-24
1914,4073,21,20230625,115.0,2.6,Credit Card,2023-06-25
1915,4073,29,20230628,78.0,1.1,Credit Card,2023-06-28
1916,4073,33,20230711,21.0,1.3,Credit Card,2023-07-11
1917,4073,7,20230719,73.0,4.4,Credit Card,2023-07-19
1918,4073,26,20230725,28.0,2.4,Credit Card,2023-07-25
1919,4073,50,20230807,137.0,1.1,Cash,2023-08-07
1920,4073,39,20230808,75.0,2.9,Cash,2023-08-08
1921,4073,15,20230809,177.0,4.8,Credit Card,2023-08-09
1922,4073,44,20230916,182.0,3.5,Cash,2023-09-16
1923,4073,14,20230928,165.0,3.0,Credit Card,2023-09-28
1924,4073,36,20230930,20.0,2.8,Credit Card,2023-09-30
1925,4074,34,20221005,25.0,3.6,Credit Card,2022-10-05
1926,4074,36,20221014,176.0,3.1,Cash,2022-10-14
1927,4074,25,20221023,94.0,4.3,Credit Card,2022-10-23
1928,4074,37,20221031,67.0,5.0,Credit Card,2022-10-31
1929,4074,36,20221221,125.0,2.2,Credit Card,2022-12-21
1930,4074,25,20221225,63.0,1.7,Cash,2022-12-25
1931,4074,41,20221228,46.0,2.6,Cash,2022-12-28
1932,4074,20,20230205,88.0,2.9,Cash,2023-02-05
1933,4074,30,20230215,94.0,3.4,Cash,2023-02-15
1934,4074,4,20230219,55.0,4.4,Credit Card,2023-02-19
1935,4074,9,20230407,50.0,1.5,Credit Card,2023-04-07
1936,4074,43,20230509,124.0,1.0,Cash,2023-05-09
1937,4074,32,20230628,156.0,2.7,Credit Card,2023-06-28
1938,4074,34,20230628,128.0,2.9,Credit Card,2023-06-28
1939,4074,23,20230720,159.0,2.0,Credit Card,2023-07-20
1940,4074,1,20230722,55.0,3.4,Credit Card,2023-07-22
1941,4074,23,20230922,116.0,1.7,Credit Card,2023-09-22
1942,4074,29,20230922,177.0,1.9,Cash,2023-09-22
1943,4075,3,20221003,133.0,4.0,Credit Card,2022-10-03
1944,4075,19,20221007,172.0,4.8,Credit Card,2022-10-07
1945,4075,26,20221027,176.0,,Cash,2022-10-27
1946,4075,26,20221028,121.0,3.8,Credit Card,2022-10-28
1947,4075,15,20221103,54.0,1.5,Cash,2022-11-03
1948,4075,18,20221105,148.0,1.5,Cash,2022-11-05
1949,4075,10,20221226,104.0,2.6,Credit Card,2022-12-26
1950,4075,3,20221227,111.0,4.2,Cash,2022-12-27
1951,4075,27,20221228,196.0,1.9,Credit Card,2022-12-28
1952,4075,13,20230226,43.0,3.2,Credit Card,2023-02-26
1953,4075,14,20230313,182.0,2.3,Credit Card,2023-03-13
1954,4075,26,20230402,23.0,4.6,Credit Card,2023-04-02
1955,4075,47,20230412,4661.0,1.2,Credit Card,2023-04-12
1956,4075,33,20230416,82.0,4.0,Credit Card,2023-04-16
1957,4075,47,20230520,56.0,4.3,Cash,2023-05-20
1958,4075,15,20230522,53.0,3.2,Cash,2023-05-22
1959,4075,48,20230607,36.0,2.2,Credit Card,2023-06-07
1960,4075,48,20230731,190.0,1.4,Cash,2023-07-31
1961,4075,30,20230811,184.0,1.9,Credit Card,2023-08-11
1962,4075,8,20230816,184.0,2.4,Credit Card,2023-08-16
1963,4075,40,20230817,117.0,1.5,Cash,2023-08-17
1964,4075,12,20230828,173.0,,Cash,2023-08-28
1965,4075,48,20230902,93.0,3.4,Credit Card,2023-09-02
1966,4075,37,20230904,100.0,4.4,Credit Card,2023-09-04
1967,4075,10,20230925,24.0,3.3,Credit Card,2023-09-25
1968,4076,12,20221003,130.0,2.9,Credit Card,2022-10-03
1969,4076,25,20221005,70.0,3.2,Credit Card,2022-10-05
1970,4076,42,20221012,31.0,2.2,Cash,2022-10-12
1971,4076,42,20221114,174.0,2.9,Credit Card,2022-11-14
1972,4076,46,20221206,11.0,2.6,Credit Card,2022-12-06
1973,4076,11,20221219,57.0,1.5,Credit Card,2022-12-19
1974,4076,15,20230216,68.0,2.2,Credit Card,2023-02-16
1975,4076,6,20230312,121.0,,Credit Card,2023-03-12
1976,4076,40,20230403,26.0,3.1,Cash,2023-04-03
1977,4076,33,20230607,94.0,4.8,Cash,2023-06-07
1978,4076,26,20230630,146.0,3.7,Credit Card,2023-06-30
1979,4077,46,20221110,181.0,3.0,Credit Card,2022-11-10
1980,4077,7,20221116,152.0,1.5,Credit Card,2022-11-16
1981,4077,14,20221125,54.0,3.9,Credit Card,2022-11-25
1982,4077,23,20221208,99.0,3.6,Credit Card,2022-12-08
1983,4077,4,20221219,194.0,1.6,Credit Card,2022-12-19
1984,4077,46,20221226,167.0,1.8,Cash,2022-12-26
1985,4077,49,20230108,27.0,4.6,Credit Card,2023-01-08
1986,4077,39,20230109,75.0,4.1,Credit Card,2023-01-09
1987,4077,42,20230130,67.0,4.7,Credit Card,2023-01-30
1988,4077,7,20230216,18.0,2.4,Cash,2023-02-16
1989,4077,40,20230301,167.0,1.1,Credit Card,2023-03-01
1990,4077,16,20230315,131.0,3.0,Cash,2023-03-15
1991,4077,22,20230413,54.0,,Cash,2023-04-13
1992,4077,39,20230504,54.0,1.6,Cash,2023-05-04
1993,4077,14,20230505,173.0,3.6,Credit Card,2023-05-05
1994,4077,17,20230522,190.0,2.2,Credit Card,2023-05-22
1995,4077,30,20230601,188.0,4.6,Credit Card,2023-06-01
1996,4077,24,20230723,197.0,3.2,Credit Card,2023-07-23
1997,4077,9,20230903,186.0,4.7,Credit Card,2023-09-03
1998,4078,3,20221005,125.0,2.6,Cash,2022-10-05
1999,4078,21,20221007,45.0,3.6,Credit Card,2022-10-07
2000,4078,4,20221026,159.0,1.5,Credit Card,2022-10-26
2001,4078,47,20221110,99.0,2.3,Cash,2022-11-10
2002,4078,26,20221124,35.0,,Cash,2022-11-24
2003,4078,17,20221220,54.0,,Credit Card,2022-12-20
2004,4078,3,20230105,98.0,2.3,Credit Card,2023-01-05
2005,4078,14,20230128,199.0,3.4,Cash,2023-01-28
2006,4078,8,20230204,26.0,3.0,Credit Card,2023-02-04
2007,4078,50,20230207,163.0,4.7,Credit Card,2023-02-07
2008,4078,49,20230213,57.0,3.3,Cash,2023-02-13
2009,4078,41,20230217,57.0,4.6,Credit Card,2023-02-17
2010,4078,41,20230303,161.0,3.3,Cash,2023-03-03
2011,4078,10,20230316,146.0,3.4,Credit Card,2023-03-16
2012,4078,12,20230328,56.0,3.2,Cash,2023-03-28
2013,4078,7,20230409,186.0,3.4,Cash,2023-04-09
2014,4078,22,20230503,76.0,,Cash,2023-05-03
2015,4078,29,20230512,160.0,3.0,Credit Card,2023-05-12
2016,4078,3,20230603,92.0,4.1,Credit Card,2023-06-03
2017,4078,35,20230625,143.0,1.6,Credit Card,2023-06-25
2018,4078,15,20230629,126.0,2.1,Credit Card,2023-06-29
2019,4078,35,20230710,191.0,4.2,Credit Card,2023-07-10
2020,4078,20,20230728,175.0,3.4,Cash,2023-07-28
2021,4078,31,20230728,77.0,4.5,Cash,2023-07-28
2022,4078,43,20230810,45.0,4.2,Credit Card,2023-08-10
2023,4078,45,20230831,108.0,4.8,Credit Card,2023-08-31
2024,4078,40,20230911,175.0,2.6,Credit Card,2023-09-11
2025,4078,28,20230926,12.0,2.9,Cash,2023-09-26
2026,4079,38,20221211,141.0,1.6,Credit Card,2022-12-11
2027,4079,17,20221225,180.0,,Cash,2022-12-25
2028,4079,16,20230123,155.0,2.2,Credit Card,2023-01-23
2029,4079,44,20230427,82.0,3.7,Credit Card,2023-04-27
2030,4079,8,20230716,112.0,2.6,Cash,2023-07-16
2031,4079,8,20230728,132.0,5.0,Cash,2023-07-28
2032,4080,32,20221103,163.0,3.9,Cash,2022-11-03
2033,4080,23,20221211,2914.0,4.5,Credit Card,2022-12-11
2034,4080,2,20230312,92.0,,Credit Card,2023-03-12
2035,4080,10,20230407,170.0,2.5,Credit Card,2023-04-07
2036,4080,44,20230410,128.0,3.0,Credit Card,2023-04-10
2037,4080,39,20230416,84.0,4.2,Cash,2023-04-16
2038,4080,1,20230427,162.0,5.0,Credit Card,2023-04-27
2039,4080,19,20230517,136.0,3.7,Cash,2023-05-17
2040,4080,49,20230813,131.0,,Credit Card,2023-08-13
2041,4080,47,20230816,53.0,4.0,Cash,2023-08-16
2042,4080,34,20230830,106.0,2.5,Cash,2023-08-30
2043,4080,38,20230914,37.0,2.4,Cash,2023-09-14
2044,4080,9,20230921,166.0,3.4,Credit Card,2023-09-21
2045,4080,25,20230922,29.0,2.4,Credit Card,2023-09-22
2046,4081,42,20221003,191.0,3.9,Cash,2022-10-03
2047,4081,20,20221016,25.0,3.2,Cash,2022-10-16
2048,4081,22,20221101,144.0,1.2,Credit Card,2022-11-01
